"","Protein","gene_id","description","gene_name","fc","p.value","adj.p.value"
"FANCG","FANCG","ENSG00000221829.9","Fanconi anemia complementation group G [Source:HGNC Symbol;Acc:HGNC:3588]","FANCG",3.89839648678702,7.39377731117821e-05,0.0089908332103927
"OAS1","OAS1","ENSG00000089127.12","2'-5'-oligoadenylate synthetase 1 [Source:HGNC Symbol;Acc:HGNC:8086]","OAS1",2.60276826400067,2.10757199556689e-05,0.00417530634228519
"OAS2","OAS2","ENSG00000111335.12","2'-5'-oligoadenylate synthetase 2 [Source:HGNC Symbol;Acc:HGNC:8087]","OAS2",2.57358283256796,1.7314431880397e-06,0.0018503828578725
"IFI44","IFI44","ENSG00000137965.10","interferon induced protein 44 [Source:HGNC Symbol;Acc:HGNC:16938]","IFI44",2.33762693060289,3.09402240999554e-06,0.0018503828578725
"IFIT2","IFIT2","ENSG00000119922.9","interferon induced protein with tetratricopeptide repeats 2 [Source:HGNC Symbol;Acc:HGNC:5409]","IFIT2",2.27955200085069,1.86236600849172e-05,0.00407328010959076
"MX1","MX1","ENSG00000157601.13","MX dynamin like GTPase 1 [Source:HGNC Symbol;Acc:HGNC:7532]","MX1",2.20619072462482,4.10889590267879e-07,0.0018503828578725
"MX2","MX2","ENSG00000183486.12","MX dynamin like GTPase 2 [Source:HGNC Symbol;Acc:HGNC:7533]","MX2",2.19443645333809,6.0692762929892e-07,0.0018503828578725
"IFIT1","IFIT1","ENSG00000185745.9","interferon induced protein with tetratricopeptide repeats 1 [Source:HGNC Symbol;Acc:HGNC:5407]","IFIT1",2.18012661639537,9.28418327631912e-05,0.0101919700855592
"IFIT3","IFIT3","ENSG00000119917.13","interferon induced protein with tetratricopeptide repeats 3 [Source:HGNC Symbol;Acc:HGNC:5411]","IFIT3",2.17173416890249,0.000630475738891205,0.0249918008800245
"IFIH1","IFIH1","ENSG00000115267.5","interferon induced with helicase C domain 1 [Source:HGNC Symbol;Acc:HGNC:18873]","IFIH1",2.0494186588224,4.64197022962611e-05,0.00655180940981513
"ISG15","ISG15","ENSG00000187608.8","ISG15 ubiquitin-like modifier [Source:HGNC Symbol;Acc:HGNC:4053]","ISG15",1.99409894264198,1.04362717338872e-05,0.00309672048557667
"IFI44L","IFI44L","ENSG00000137959.15","interferon induced protein 44 like [Source:HGNC Symbol;Acc:HGNC:17817]","IFI44L",1.91824236989673,0.000133334226984517,0.0117097081120625
"TMEM27","TMEM27","ENSG00000147003.5","transmembrane protein 27 [Source:HGNC Symbol;Acc:HGNC:29437]","TMEM27",1.9143346690037,0.000141517474981301,0.0117388232317674
"DDX60","DDX60","ENSG00000137628.16","DExD/H-box helicase 60 [Source:HGNC Symbol;Acc:HGNC:25942]","DDX60",1.91134101982287,3.44847288341011e-06,0.0018503828578725
"ISG20","ISG20","ENSG00000172183.14","interferon stimulated exonuclease gene 20 [Source:HGNC Symbol;Acc:HGNC:6130]","ISG20",1.80980291926271,0.00116097152679436,0.0331275052266521
"HERC5","HERC5","ENSG00000138646.8","HECT and RLD domain containing E3 ubiquitin protein ligase 5 [Source:HGNC Symbol;Acc:HGNC:24368]","HERC5",1.7963156239872,1.72108888133626e-05,0.00388671043373765
"GBP4","GBP4","ENSG00000162654.8","guanylate binding protein 4 [Source:HGNC Symbol;Acc:HGNC:20480]","GBP4",1.69345533212167,0.000186486347732333,0.0131661595057942
"UBE2L6","UBE2L6","ENSG00000156587.15","ubiquitin conjugating enzyme E2 L6 [Source:HGNC Symbol;Acc:HGNC:12490]","UBE2L6",1.678498141569,1.56836392049924e-05,0.00386101387071558
"IFI16","IFI16","ENSG00000163565.18","interferon gamma inducible protein 16 [Source:HGNC Symbol;Acc:HGNC:5395]","IFI16",1.6650370621675,4.05880073878297e-06,0.00200504756495879
"HELZ2","HELZ2","ENSG00000130589.16","helicase with zinc finger 2 [Source:HGNC Symbol;Acc:HGNC:30021]","HELZ2",1.63309534811541,2.09349742780557e-06,0.0018503828578725
"OASL","OASL","ENSG00000135114.12","2'-5'-oligoadenylate synthetase like [Source:HGNC Symbol;Acc:HGNC:8090]","OASL",1.62703313186688,1.2886570071248e-06,0.0018503828578725
"BST2","BST2","ENSG00000130303.12","bone marrow stromal cell antigen 2 [Source:HGNC Symbol;Acc:HGNC:1119]","BST2",1.60289252454611,7.95722272570335e-05,0.00952937703393322
"IRF9","IRF9","ENSG00000213928.8","interferon regulatory factor 9 [Source:HGNC Symbol;Acc:HGNC:6131]","IRF9",1.56191521595769,0.000410943639610661,0.0205755149693838
"OAS3","OAS3","ENSG00000111331.12","2'-5'-oligoadenylate synthetase 3 [Source:HGNC Symbol;Acc:HGNC:8088]","OAS3",1.53080087539517,8.88825782861656e-05,0.0101815637503457
"HLA-B","HLA-B","ENSG00000234745.10","major histocompatibility complex, class I, B [Source:HGNC Symbol;Acc:HGNC:4932]","HLA-B",1.49000118504344,3.49494389493394e-05,0.00541647775403095
"STAT1","STAT1","ENSG00000115415.18","signal transducer and activator of transcription 1 [Source:HGNC Symbol;Acc:HGNC:11362]","STAT1",1.48936697542331,3.04664790513979e-05,0.00512355426430317
"GSDMB","GSDMB","ENSG00000073605.18","gasdermin B [Source:HGNC Symbol;Acc:HGNC:23690]","GSDMB",1.46511679951379,1.43205880356218e-05,0.00377299759445181
"PARP10","PARP10","ENSG00000178685.13","poly(ADP-ribose) polymerase family member 10 [Source:HGNC Symbol;Acc:HGNC:25895]","PARP10",1.46021822280698,0.000801474320317256,0.0279779184267836
"TAP2","TAP2","ENSG00000206299.8","transporter 2, ATP binding cassette subfamily B member [Source:HGNC Symbol;Acc:HGNC:44]","TAP2",1.43654788176823,0.000864751525326221,0.0283841799254166
"DDX60L","DDX60L","ENSG00000181381.13","DExD/H-box 60 like [Source:HGNC Symbol;Acc:HGNC:26429]","DDX60L",1.41195621447637,1.9873998697586e-06,0.0018503828578725
"SP110","SP110","ENSG00000135899.17","SP110 nuclear body protein [Source:HGNC Symbol;Acc:HGNC:5401]","SP110",1.39303639713036,0.00308276281858049,0.0484971516382964
"DDX58","DDX58","ENSG00000107201.9","DExD/H-box helicase 58 [Source:HGNC Symbol;Acc:HGNC:19102]","DDX58",1.37991958170425,0.000129059064305047,0.011558037410705
"TAP1","TAP1","ENSG00000232367.5","transporter 1, ATP binding cassette subfamily B member [Source:HGNC Symbol;Acc:HGNC:43]","TAP1",1.34765263780126,0.00142657570294705,0.0353762962155621
"GBP1","GBP1","ENSG00000117228.9","guanylate binding protein 1 [Source:HGNC Symbol;Acc:HGNC:4182]","GBP1",1.31322196368155,5.87788128495996e-05,0.00787436841971585
"DTX3L","DTX3L","ENSG00000163840.9","deltex E3 ubiquitin ligase 3L [Source:HGNC Symbol;Acc:HGNC:30323]","DTX3L",1.30927783779915,0.000641869379889294,0.0249918008800245
"SAMD9L","SAMD9L","ENSG00000177409.11","sterile alpha motif domain containing 9 like [Source:HGNC Symbol;Acc:HGNC:1349]","SAMD9L",1.28405224803602,9.98267609583277e-05,0.0105204095815283
"TAPBP","TAPBP","ENSG00000206281.11","TAP binding protein [Source:HGNC Symbol;Acc:HGNC:11566]","TAPBP",1.27958827954856,1.35728622807603e-05,0.00377299759445181
"STAT2","STAT2","ENSG00000170581.13","signal transducer and activator of transcription 2 [Source:HGNC Symbol;Acc:HGNC:11363]","STAT2",1.27371972133266,2.63324834156275e-05,0.00473027156629817
"CD274","CD274","ENSG00000120217.13","CD274 molecule [Source:HGNC Symbol;Acc:HGNC:17635]","CD274",1.24652111503754,3.51160714424184e-06,0.0018503828578725
"PARP9","PARP9","ENSG00000138496.16","poly(ADP-ribose) polymerase family member 9 [Source:HGNC Symbol;Acc:HGNC:24118]","PARP9",1.21916960100632,2.16583451459632e-05,0.00417530634228519
"IFI35","IFI35","ENSG00000068079.7","interferon induced protein 35 [Source:HGNC Symbol;Acc:HGNC:5399]","IFI35",1.19329997303822,2.50063290224013e-05,0.00470595296650142
"HERC6","HERC6","ENSG00000138642.14","HECT and RLD domain containing E3 ubiquitin protein ligase family member 6 [Source:HGNC Symbol;Acc:HGNC:26072]","HERC6",1.17832064706207,0.000142576800385839,0.0117388232317674
"SAMHD1","SAMHD1","ENSG00000101347.8","SAM and HD domain containing deoxynucleoside triphosphate triphosphohydrolase 1 [Source:HGNC Symbol;Acc:HGNC:15925]","SAMHD1",1.15856780253154,0.000117489140610639,0.0112683172714066
"SAMD9","SAMD9","ENSG00000205413.7","sterile alpha motif domain containing 9 [Source:HGNC Symbol;Acc:HGNC:1348]","SAMD9",1.14242434343744,0.000261821397138897,0.0164240978014749
"IFIT5","IFIT5","ENSG00000152778.8","interferon induced protein with tetratricopeptide repeats 5 [Source:HGNC Symbol;Acc:HGNC:13328]","IFIT5",1.10299951254151,4.79823821686691e-05,0.00665355699405545
"B2M","B2M","ENSG00000166710.17","beta-2-microglobulin [Source:HGNC Symbol;Acc:HGNC:914]","B2M",1.08368532476122,7.33669549985879e-06,0.00290708665418332
"RNF213","RNF213","ENSG00000173821.19","ring finger protein 213 [Source:HGNC Symbol;Acc:HGNC:14539]","RNF213",1.08261157918624,7.06209539297506e-07,0.0018503828578725
"FBXO6","FBXO6","ENSG00000116663.10","F-box protein 6 [Source:HGNC Symbol;Acc:HGNC:13585]","FBXO6",1.05961485792245,0.00115671472615243,0.0331275052266521
"TYMP","TYMP","ENSG00000025708.13","thymidine phosphorylase [Source:HGNC Symbol;Acc:HGNC:3148]","TYMP",1.05435933679633,6.44132050552456e-05,0.00834626184846985
"PARP14","PARP14","ENSG00000173193.13","poly(ADP-ribose) polymerase family member 14 [Source:HGNC Symbol;Acc:HGNC:29232]","PARP14",1.03668441477376,0.000423828676551678,0.0208070922948103
"TRIM21","TRIM21","ENSG00000132109.9","tripartite motif containing 21 [Source:HGNC Symbol;Acc:HGNC:11312]","TRIM21",1.02739939533515,1.19986681629963e-06,0.0018503828578725
"NT5C3A","NT5C3A","ENSG00000122643.18","5'-nucleotidase, cytosolic IIIA [Source:HGNC Symbol;Acc:HGNC:17820]","NT5C3A",1.02340327935456,1.00674517782823e-05,0.00309672048557667
"PARP12","PARP12","ENSG00000059378.12","poly(ADP-ribose) polymerase family member 12 [Source:HGNC Symbol;Acc:HGNC:21919]","PARP12",1.01211910705768,6.72612685928672e-05,0.00857472688641971
"TREX1","TREX1","ENSG00000213689.11","three prime repair exonuclease 1 [Source:HGNC Symbol;Acc:HGNC:12269]","TREX1",0.969843579273762,0.00185164152727963,0.0387309950307979
"PML","PML","ENSG00000140464.19","promyelocytic leukemia [Source:HGNC Symbol;Acc:HGNC:9113]","PML",0.952063452763616,0.000698876720855325,0.0261797232305237
"PLSCR1","PLSCR1","ENSG00000188313.12","phospholipid scramblase 1 [Source:HGNC Symbol;Acc:HGNC:9092]","PLSCR1",0.945300410876896,0.000959710272816935,0.0295504934604466
"HLA-A","HLA-A","ENSG00000224320.9","major histocompatibility complex, class I, A [Source:HGNC Symbol;Acc:HGNC:4931]","HLA-A",0.941126626097034,7.97453580013859e-06,0.00300146337925216
"THEMIS2","THEMIS2","ENSG00000130775.15","thymocyte selection associated family member 2 [Source:HGNC Symbol;Acc:HGNC:16839]","THEMIS2",0.939620879177245,0.000114368174496467,0.0112683172714066
"EIF2AK2","EIF2AK2","ENSG00000055332.16","eukaryotic translation initiation factor 2 alpha kinase 2 [Source:HGNC Symbol;Acc:HGNC:9437]","EIF2AK2",0.909114818649509,0.000149122207347688,0.0119623376928564
"UBA7","UBA7","ENSG00000182179.12","ubiquitin like modifier activating enzyme 7 [Source:HGNC Symbol;Acc:HGNC:12471]","UBA7",0.908264577075004,9.81470312609625e-06,0.00309672048557667
"NMI","NMI","ENSG00000123609.10","N-myc and STAT interactor [Source:HGNC Symbol;Acc:HGNC:7854]","NMI",0.89409512890656,8.62825835278107e-06,0.00309672048557667
"LAP3","LAP3","ENSG00000002549.12","leucine aminopeptidase 3 [Source:HGNC Symbol;Acc:HGNC:18449]","LAP3",0.881939876557868,1.42625270445049e-05,0.00377299759445181
"HLA-C","HLA-C","ENSG00000237022.10","major histocompatibility complex, class I, C [Source:HGNC Symbol;Acc:HGNC:4933]","HLA-C",0.865255622423469,0.00160680334941595,0.0364387658231954
"LGALS3BP","LGALS3BP","ENSG00000108679.12","galectin 3 binding protein [Source:HGNC Symbol;Acc:HGNC:6564]","LGALS3BP",0.836782202881957,0.000174434775583366,0.0128716894798646
"SP140L","SP140L","ENSG00000185404.16","SP140 nuclear body protein like [Source:HGNC Symbol;Acc:HGNC:25105]","SP140L",0.807174060878078,2.07941910916705e-05,0.00417530634228519
"TDRD7","TDRD7","ENSG00000196116.7","tudor domain containing 7 [Source:HGNC Symbol;Acc:HGNC:30831]","TDRD7",0.781984393851165,2.13896663509682e-05,0.00417530634228519
"WARS","WARS","ENSG00000140105.17","tryptophanyl-tRNA synthetase [Source:HGNC Symbol;Acc:HGNC:12729]","WARS",0.780542649433606,0.00141565375814601,0.0353762962155621
"IFRD1","IFRD1","ENSG00000006652.13","interferon related developmental regulator 1 [Source:HGNC Symbol;Acc:HGNC:5456]","IFRD1",0.772319500930305,0.00057353855439646,0.0238592038628927
"PTOV1","PTOV1","ENSG00000104960.15","prostate tumor overexpressed 1 [Source:HGNC Symbol;Acc:HGNC:9632]","PTOV1",0.759374410494344,6.01153611265128e-05,0.00791919690573262
"C19orf66","C19orf66","ENSG00000130813.17","chromosome 19 open reading frame 66 [Source:HGNC Symbol;Acc:HGNC:25649]","C19orf66",0.758246290581187,2.86855853393951e-06,0.0018503828578725
"GTPBP2","GTPBP2","ENSG00000172432.18","GTP binding protein 2 [Source:HGNC Symbol;Acc:HGNC:4670]","GTPBP2",0.746177096758553,0.0018063959429245,0.0385885230618249
"HLA-E","HLA-E","ENSG00000236632.5","major histocompatibility complex, class I, E [Source:HGNC Symbol;Acc:HGNC:4962]","HLA-E",0.746040777626677,0.00105026659256076,0.0316843784259551
"PSMB9","PSMB9","ENSG00000239836.7","proteasome subunit beta 9 [Source:HGNC Symbol;Acc:HGNC:9546]","PSMB9",0.717740709654634,0.000881841233220757,0.0284492779892933
"ZNFX1","ZNFX1","ENSG00000124201.14","zinc finger NFX1-type containing 1 [Source:HGNC Symbol;Acc:HGNC:29271]","ZNFX1",0.69592788201314,0.000629914210550045,0.0249918008800245
"SLFN5","SLFN5","ENSG00000166750.9","schlafen family member 5 [Source:HGNC Symbol;Acc:HGNC:28286]","SLFN5",0.68721857438922,0.000964578354351623,0.0295504934604466
"CEACAM1","CEACAM1","ENSG00000079385.21","carcinoembryonic antigen related cell adhesion molecule 1 [Source:HGNC Symbol;Acc:HGNC:1814]","CEACAM1",0.670915741548581,3.3063381828682e-05,0.00533332591783475
"ERVK3-1","ERVK3-1","ENSG00000142396.10",NA,"ERVK3-1",0.638016408632629,0.00284315667806459,0.0463740852911061
"KRTCAP3","KRTCAP3","ENSG00000157992.12","keratinocyte associated protein 3 [Source:HGNC Symbol;Acc:HGNC:28943]","KRTCAP3",0.632895956537842,0.00137567673929211,0.0353762962155621
"PNPT1","PNPT1","ENSG00000138035.14","polyribonucleotide nucleotidyltransferase 1 [Source:HGNC Symbol;Acc:HGNC:23166]","PNPT1",0.626388252438412,0.00253400311049732,0.044081842297743
"CDK18","CDK18","ENSG00000117266.15","cyclin dependent kinase 18 [Source:HGNC Symbol;Acc:HGNC:8751]","CDK18",0.604736912294371,0.00221406556028685,0.0418659669581513
"PIK3AP1","PIK3AP1","ENSG00000155629.14","phosphoinositide-3-kinase adaptor protein 1 [Source:HGNC Symbol;Acc:HGNC:30034]","PIK3AP1",0.563653932952054,0.000118328736529193,0.0112683172714066
"GBP3","GBP3","ENSG00000117226.11","guanylate binding protein 3 [Source:HGNC Symbol;Acc:HGNC:4184]","GBP3",0.560158434178955,8.84924299149931e-05,0.0101815637503457
"POT1","POT1","ENSG00000128513.14","protection of telomeres 1 [Source:HGNC Symbol;Acc:HGNC:17284]","POT1",0.555079253026741,0.00238185315676023,0.0424969917630539
"CYP2J2","CYP2J2","ENSG00000134716.9","cytochrome P450 family 2 subfamily J member 2 [Source:HGNC Symbol;Acc:HGNC:2634]","CYP2J2",0.554384212032977,3.34728339888991e-06,0.0018503828578725
"APOL1","APOL1","ENSG00000100342.20","apolipoprotein L1 [Source:HGNC Symbol;Acc:HGNC:618]","APOL1",0.554233865796429,0.000803096349422714,0.0279779184267836
"SEMA3B","SEMA3B","ENSG00000012171.19","semaphorin 3B [Source:HGNC Symbol;Acc:HGNC:10724]","SEMA3B",0.532214698095463,0.00141325986372956,0.0353762962155621
"FST","FST","ENSG00000134363.11","follistatin [Source:HGNC Symbol;Acc:HGNC:3971]","FST",0.520149354247386,0.000450973394526958,0.0208132111288965
"MASTL","MASTL","ENSG00000120539.14","microtubule associated serine/threonine kinase like [Source:HGNC Symbol;Acc:HGNC:19042]","MASTL",0.518207186165463,0.000237760923982948,0.0150340987452898
"ABTB2","ABTB2","ENSG00000166016.5","ankyrin repeat and BTB domain containing 2 [Source:HGNC Symbol;Acc:HGNC:23842]","ABTB2",0.512861252188865,0.000439676129922632,0.0208132111288965
"TRAF6","TRAF6","ENSG00000175104.14","TNF receptor associated factor 6 [Source:HGNC Symbol;Acc:HGNC:12036]","TRAF6",0.501717691387018,0.000484939839998499,0.0217782073599326
"CBX4","CBX4","ENSG00000141582.14","chromobox 4 [Source:HGNC Symbol;Acc:HGNC:1554]","CBX4",0.48995443408399,0.0022930631811897,0.0421873408901064
"TMEM62","TMEM62","ENSG00000137842.6","transmembrane protein 62 [Source:HGNC Symbol;Acc:HGNC:26269]","TMEM62",0.480807486286686,0.00159398706994485,0.036434438100523
"PSMB10","PSMB10","ENSG00000205220.11","proteasome subunit beta 10 [Source:HGNC Symbol;Acc:HGNC:9538]","PSMB10",0.479284626543638,0.00236394601140758,0.0422925237254395
"RBCK1","RBCK1","ENSG00000125826.20","RANBP2-type and C3HC4-type zinc finger containing 1 [Source:HGNC Symbol;Acc:HGNC:15864]","RBCK1",0.472696415600962,0.00120948252246828,0.0337241860747848
"TRIM38","TRIM38","ENSG00000112343.10","tripartite motif containing 38 [Source:HGNC Symbol;Acc:HGNC:10059]","TRIM38",0.465388292357316,0.00146293718886111,0.0356884430270315
"N4BP1","N4BP1","ENSG00000102921.7","NEDD4 binding protein 1 [Source:HGNC Symbol;Acc:HGNC:29850]","N4BP1",0.461888005725534,0.000547632029142188,0.0233486450918022
"SEMA7A","SEMA7A","ENSG00000138623.9","semaphorin 7A (John Milton Hagen blood group) [Source:HGNC Symbol;Acc:HGNC:10741]","SEMA7A",0.441867148051848,3.77880119445233e-05,0.00564006461576207
"CD38","CD38","ENSG00000004468.12","CD38 molecule [Source:HGNC Symbol;Acc:HGNC:1667]","CD38",0.439313296648206,0.00129675713968938,0.0345103314212285
"TMEM35B","TMEM35B","ENSG00000243749.1","transmembrane protein 35B [Source:HGNC Symbol;Acc:HGNC:40021]","TMEM35B",0.434374854602068,0.00262059598148592,0.044406483461224
"SETMAR","SETMAR","ENSG00000170364.12","SET domain and mariner transposase fusion gene [Source:HGNC Symbol;Acc:HGNC:10762]","SETMAR",0.433501459932735,9.21135814722748e-05,0.0101919700855592
"CNP","CNP","ENSG00000173786.16","2',3'-cyclic nucleotide 3' phosphodiesterase [Source:HGNC Symbol;Acc:HGNC:2158]","CNP",0.423631896515418,1.6886686287432e-05,0.00388671043373765
"PSME2","PSME2","ENSG00000100911.15","proteasome activator subunit 2 [Source:HGNC Symbol;Acc:HGNC:9569]","PSME2",0.416142035086484,0.00194452893995107,0.0395276381261266
"LDHC","LDHC","ENSG00000166796.11","lactate dehydrogenase C [Source:HGNC Symbol;Acc:HGNC:6544]","LDHC",0.412862186955717,0.00235812057643955,0.0422925237254395
"PANX1","PANX1","ENSG00000110218.8","pannexin 1 [Source:HGNC Symbol;Acc:HGNC:8599]","PANX1",0.408318968554377,0.00316679580053676,0.0489808615852844
"FLRT3","FLRT3","ENSG00000125848.9","fibronectin leucine rich transmembrane protein 3 [Source:HGNC Symbol;Acc:HGNC:3762]","FLRT3",0.406267464453141,0.000128901073322306,0.011558037410705
"AREG","AREG","ENSG00000109321.10","amphiregulin [Source:HGNC Symbol;Acc:HGNC:651]","AREG",0.40168220458116,0.00265431634615039,0.0448284538460955
"LIPA","LIPA","ENSG00000107798.17","lipase A, lysosomal acid type [Source:HGNC Symbol;Acc:HGNC:6617]","LIPA",0.399655558910893,0.000160762602223697,0.0123428407968921
"EHD4","EHD4","ENSG00000103966.10","EH domain containing 4 [Source:HGNC Symbol;Acc:HGNC:3245]","EHD4",0.398589073414985,8.51190625694487e-05,0.0100415085156556
"ERAP2","ERAP2","ENSG00000164308.16","endoplasmic reticulum aminopeptidase 2 [Source:HGNC Symbol;Acc:HGNC:29499]","ERAP2",0.398461215594851,2.4364929033516e-06,0.0018503828578725
"MYD88","MYD88","ENSG00000172936.12","myeloid differentiation primary response 88 [Source:HGNC Symbol;Acc:HGNC:7562]","MYD88",0.397902816726394,0.000443548265037036,0.0208132111288965
"HLA-DRA","HLA-DRA","ENSG00000204287.13","major histocompatibility complex, class II, DR alpha [Source:HGNC Symbol;Acc:HGNC:4947]","HLA-DRA",0.394229236198411,0.00128135233197814,0.0343720858917417
"F3","F3","ENSG00000117525.13","coagulation factor III, tissue factor [Source:HGNC Symbol;Acc:HGNC:3541]","F3",0.393629140266078,0.000916107009887067,0.0290799590608328
"ZC3HAV1","ZC3HAV1","ENSG00000105939.12","zinc finger CCCH-type containing, antiviral 1 [Source:HGNC Symbol;Acc:HGNC:23721]","ZC3HAV1",0.392354336105845,2.7650754655475e-05,0.00475112097384509
"RTKN2","RTKN2","ENSG00000182010.10","rhotekin 2 [Source:HGNC Symbol;Acc:HGNC:19364]","RTKN2",0.387029184045358,0.000164028425232041,0.0123510715010133
"LGMN","LGMN","ENSG00000100600.14","legumain [Source:HGNC Symbol;Acc:HGNC:9472]","LGMN",0.386627969780592,0.0017583579613272,0.0377664709954626
"PSMB8","PSMB8","ENSG00000230669.6","proteasome subunit beta 8 [Source:HGNC Symbol;Acc:HGNC:9545]","PSMB8",0.385489309609531,0.000106536712745271,0.0109359243836185
"TRAFD1","TRAFD1","ENSG00000135148.11","TRAF-type zinc finger domain containing 1 [Source:HGNC Symbol;Acc:HGNC:24808]","TRAFD1",0.38331690448662,0.00289729013714012,0.0467350637631745
"CTBP1","CTBP1","ENSG00000159692.15","C-terminal binding protein 1 [Source:HGNC Symbol;Acc:HGNC:2494]","CTBP1",0.376873907227253,0.000620751736681688,0.0249918008800245
"MLKL","MLKL","ENSG00000168404.12","mixed lineage kinase domain like pseudokinase [Source:HGNC Symbol;Acc:HGNC:26617]","MLKL",0.375911260980728,0.000686509306694262,0.0259625337804376
"EPHA2","EPHA2","ENSG00000142627.12","EPH receptor A2 [Source:HGNC Symbol;Acc:HGNC:3386]","EPHA2",0.375054822751603,0.00154478418261204,0.0362226025701893
"CMTR1","CMTR1","ENSG00000137200.12","cap methyltransferase 1 [Source:HGNC Symbol;Acc:HGNC:21077]","CMTR1",0.374572387807657,0.000937684798324159,0.0291789789210793
"TRIM25","TRIM25","ENSG00000121060.16","tripartite motif containing 25 [Source:HGNC Symbol;Acc:HGNC:12932]","TRIM25",0.372079121827408,0.000232861807240887,0.0150340987452898
"GPT2","GPT2","ENSG00000166123.13","glutamic--pyruvic transaminase 2 [Source:HGNC Symbol;Acc:HGNC:18062]","GPT2",0.370898452276506,9.57312360956002e-05,0.0102251309472922
"ADAR","ADAR","ENSG00000160710.15","adenosine deaminase, RNA specific [Source:HGNC Symbol;Acc:HGNC:225]","ADAR",0.368039711641359,0.00121174771284875,0.0337241860747848
"TLK2","TLK2","ENSG00000146872.17","tousled like kinase 2 [Source:HGNC Symbol;Acc:HGNC:11842]","TLK2",0.360765770828003,0.000139468454834689,0.0117388232317674
"YIF1B","YIF1B","ENSG00000167645.16","Yip1 interacting factor homolog B, membrane trafficking protein [Source:HGNC Symbol;Acc:HGNC:30511]","YIF1B",0.357116055419761,0.0012720482740432,0.0343149131673633
"RNF139","RNF139","ENSG00000170881.4","ring finger protein 139 [Source:HGNC Symbol;Acc:HGNC:17023]","RNF139",0.355142252224668,0.0030741843069363,0.0484971516382964
"ZBTB14","ZBTB14","ENSG00000198081.10","zinc finger and BTB domain containing 14 [Source:HGNC Symbol;Acc:HGNC:12860]","ZBTB14",0.352160480981039,0.00121745786939975,0.0337241860747848
"NAPA","NAPA","ENSG00000105402.7","NSF attachment protein alpha [Source:HGNC Symbol;Acc:HGNC:7641]","NAPA",0.350694416824431,0.0019257001499319,0.0395157018106526
"CD47","CD47","ENSG00000196776.14","CD47 molecule [Source:HGNC Symbol;Acc:HGNC:1682]","CD47",0.345687669302814,0.000761265901059328,0.0273502076453315
"DAPP1","DAPP1","ENSG00000070190.12","dual adaptor of phosphotyrosine and 3-phosphoinositides 1 [Source:HGNC Symbol;Acc:HGNC:16500]","DAPP1",0.331854064522587,0.00305834655942342,0.0483463424113655
"HLA-DRB1","HLA-DRB1","ENSG00000196126.11","major histocompatibility complex, class II, DR beta 1 [Source:HGNC Symbol;Acc:HGNC:4948]","HLA-DRB1",0.331763407400134,0.00161949479995472,0.0364417861284292
"TYSND1","TYSND1","ENSG00000156521.13","trypsin domain containing 1 [Source:HGNC Symbol;Acc:HGNC:28531]","TYSND1",0.330851886103364,0.000804671213331895,0.0279779184267836
"SLC1A5","SLC1A5","ENSG00000105281.12","solute carrier family 1 member 5 [Source:HGNC Symbol;Acc:HGNC:10943]","SLC1A5",0.329726844158221,0.00140959025873624,0.0353762962155621
"ANKFY1","ANKFY1","ENSG00000185722.16","ankyrin repeat and FYVE domain containing 1 [Source:HGNC Symbol;Acc:HGNC:20763]","ANKFY1",0.326075155621949,0.00299151465825816,0.0476712335864365
"HLA-DRB3","HLA-DRB3","ENSG00000196101.9","major histocompatibility complex, class II, DR beta 3 [Source:HGNC Symbol;Acc:HGNC:4951]","HLA-DRB3",0.323883239700604,0.000861936822902311,0.0283841799254166
"TRA2A","TRA2A","ENSG00000164548.10","transformer 2 alpha homolog [Source:HGNC Symbol;Acc:HGNC:16645]","TRA2A",0.318208459065789,0.000103910284367053,0.0108066695741735
"TGM2","TGM2","ENSG00000198959.11","transglutaminase 2 [Source:HGNC Symbol;Acc:HGNC:11778]","TGM2",0.316661262116064,0.00166369791123341,0.0366897979118194
"SLC12A7","SLC12A7","ENSG00000113504.20","solute carrier family 12 member 7 [Source:HGNC Symbol;Acc:HGNC:10915]","SLC12A7",0.315705491584629,2.63145657753311e-05,0.00473027156629817
"PSME1","PSME1","ENSG00000092010.14","proteasome activator subunit 1 [Source:HGNC Symbol;Acc:HGNC:9568]","PSME1",0.314001204310701,2.71156296610508e-05,0.00475112097384509
"APOL2","APOL2","ENSG00000128335.13","apolipoprotein L2 [Source:HGNC Symbol;Acc:HGNC:619]","APOL2",0.308280549190915,0.000279606278845633,0.0172801375405183
"PRR15","PRR15","ENSG00000176532.3","proline rich 15 [Source:HGNC Symbol;Acc:HGNC:22310]","PRR15",0.305418177062615,0.000809261592434557,0.0279779184267836
"ECE1","ECE1","ENSG00000117298.14","endothelin converting enzyme 1 [Source:HGNC Symbol;Acc:HGNC:3146]","ECE1",0.297341046308572,3.38992359006856e-05,0.00535879121118038
"RBM43","RBM43","ENSG00000184898.6","RNA binding motif protein 43 [Source:HGNC Symbol;Acc:HGNC:24790]","RBM43",0.296539409702149,0.00159492859093889,0.036434438100523
"KPNA5","KPNA5","ENSG00000196911.10","karyopherin subunit alpha 5 [Source:HGNC Symbol;Acc:HGNC:6398]","KPNA5",0.295418728588215,0.00290859497514318,0.046782920095089
"WEE1","WEE1","ENSG00000166483.10","WEE1 G2 checkpoint kinase [Source:HGNC Symbol;Acc:HGNC:12761]","WEE1",0.294528619650365,0.00268399625198762,0.0451368220759791
"CCDC71L","CCDC71L","ENSG00000253276.2","coiled-coil domain containing 71 like [Source:HGNC Symbol;Acc:HGNC:26685]","CCDC71L",0.277177302947211,0.00319443177410346,0.0491010348042344
"TRAF4","TRAF4","ENSG00000076604.14","TNF receptor associated factor 4 [Source:HGNC Symbol;Acc:HGNC:12034]","TRAF4",0.276647407890586,1.05783721040701e-05,0.00309672048557667
"SASS6","SASS6","ENSG00000156876.9","SAS-6 centriolar assembly protein [Source:HGNC Symbol;Acc:HGNC:25403]","SASS6",0.274687711728489,9.28403548870436e-05,0.0101919700855592
"TRIM56","TRIM56","ENSG00000169871.12","tripartite motif containing 56 [Source:HGNC Symbol;Acc:HGNC:19028]","TRIM56",0.273523276867512,0.00126651414097614,0.0343149131673633
"MALT1","MALT1","ENSG00000172175.12","MALT1 paracaspase [Source:HGNC Symbol;Acc:HGNC:6819]","MALT1",0.271724325618803,0.0014328671260968,0.0353918180145909
"BACH1","BACH1","ENSG00000156273.15","BTB domain and CNC homolog 1 [Source:HGNC Symbol;Acc:HGNC:935]","BACH1",0.270169335533029,0.000603442991368747,0.0245856361019514
"RECQL4","RECQL4","ENSG00000160957.12","RecQ like helicase 4 [Source:HGNC Symbol;Acc:HGNC:9949]","RECQL4",0.261882323927883,0.00166645210657176,0.0366897979118194
"TRUB2","TRUB2","ENSG00000167112.9","TruB pseudouridine synthase family member 2 [Source:HGNC Symbol;Acc:HGNC:17170]","TRUB2",0.254861622285299,1.00607924519347e-05,0.00309672048557667
"AGTRAP","AGTRAP","ENSG00000177674.15","angiotensin II receptor associated protein [Source:HGNC Symbol;Acc:HGNC:13539]","AGTRAP",0.254252727054212,0.000231948886662214,0.0150340987452898
"VEGFA","VEGFA","ENSG00000112715.21","vascular endothelial growth factor A [Source:HGNC Symbol;Acc:HGNC:12680]","VEGFA",0.253351859479845,0.000139625268269781,0.0117388232317674
"EHD3","EHD3","ENSG00000013016.15","EH domain containing 3 [Source:HGNC Symbol;Acc:HGNC:3244]","EHD3",0.250475389565044,0.00156759816862288,0.0362226025701893
"GMNN","GMNN","ENSG00000112312.9","geminin, DNA replication inhibitor [Source:HGNC Symbol;Acc:HGNC:17493]","GMNN",0.248497825324619,0.00291209472251819,0.046782920095089
"C1orf131","C1orf131","ENSG00000143633.12","chromosome 1 open reading frame 131 [Source:HGNC Symbol;Acc:HGNC:25332]","C1orf131",0.23737937615746,0.000824551816707803,0.0280079553197724
"CHAF1B","CHAF1B","ENSG00000159259.7","chromatin assembly factor 1 subunit B [Source:HGNC Symbol;Acc:HGNC:1911]","CHAF1B",0.235395308432096,0.000346264004440543,0.0188749702834348
"NTHL1","NTHL1","ENSG00000065057.7","nth like DNA glycosylase 1 [Source:HGNC Symbol;Acc:HGNC:8028]","NTHL1",0.23364316548497,0.000313284698023951,0.0179434945882703
"SEC61A1","SEC61A1","ENSG00000058262.9","Sec61 translocon alpha 1 subunit [Source:HGNC Symbol;Acc:HGNC:18276]","SEC61A1",0.232787855706976,0.000432191441972873,0.0208132111288965
"TNC","TNC","ENSG00000041982.15","tenascin C [Source:HGNC Symbol;Acc:HGNC:5318]","TNC",0.232708395176612,0.0019763248025646,0.0395465094670142
"WWC3","WWC3","ENSG00000047644.18","WWC family member 3 [Source:HGNC Symbol;Acc:HGNC:29237]","WWC3",0.229464381050172,0.00229511090368747,0.0421873408901064
"ETS2","ETS2","ENSG00000157557.11","ETS proto-oncogene 2, transcription factor [Source:HGNC Symbol;Acc:HGNC:3489]","ETS2",0.229363089579618,0.00273709092567924,0.0455451930033025
"ITGA3","ITGA3","ENSG00000005884.17","integrin subunit alpha 3 [Source:HGNC Symbol;Acc:HGNC:6139]","ITGA3",0.228392154976969,0.00031821055238009,0.0179824153969211
"SLBP","SLBP","ENSG00000163950.12","stem-loop binding protein [Source:HGNC Symbol;Acc:HGNC:10904]","SLBP",0.227489985774827,0.00206566371818663,0.0400171716385959
"ELOVL5","ELOVL5","ENSG00000012660.13","ELOVL fatty acid elongase 5 [Source:HGNC Symbol;Acc:HGNC:21308]","ELOVL5",0.223854269012245,0.00296371327326651,0.0474086835684606
"HS3ST1","HS3ST1","ENSG00000002587.9","heparan sulfate-glucosamine 3-sulfotransferase 1 [Source:HGNC Symbol;Acc:HGNC:5194]","HS3ST1",0.223373754472797,0.0017220778272002,0.0375820903972652
"FMR1","FMR1","ENSG00000102081.13","fragile X mental retardation 1 [Source:HGNC Symbol;Acc:HGNC:3775]","FMR1",0.217080751831519,0.00241428528553676,0.0428820469592866
"NUDCD1","NUDCD1","ENSG00000120526.10","NudC domain containing 1 [Source:HGNC Symbol;Acc:HGNC:24306]","NUDCD1",0.215306188739083,0.000376273240015204,0.0195662084807906
"WDR83","WDR83","ENSG00000123154.11","WD repeat domain 83 [Source:HGNC Symbol;Acc:HGNC:32672]","WDR83",0.211637173333826,0.00214817887708871,0.0410125745036453
"ATXN7","ATXN7","ENSG00000163635.17","ataxin 7 [Source:HGNC Symbol;Acc:HGNC:10560]","ATXN7",0.210381346031523,0.00142332347306288,0.0353762962155621
"CKAP2","CKAP2","ENSG00000136108.14","cytoskeleton associated protein 2 [Source:HGNC Symbol;Acc:HGNC:1990]","CKAP2",0.20826625138312,0.000198013041594561,0.0137289042172229
"PATL1","PATL1","ENSG00000166889.13","PAT1 homolog 1, processing body mRNA decay factor [Source:HGNC Symbol;Acc:HGNC:26721]","PATL1",0.204634867156246,0.000361749508562315,0.0194508035080036
"MORC3","MORC3","ENSG00000159256.12","MORC family CW-type zinc finger 3 [Source:HGNC Symbol;Acc:HGNC:23572]","MORC3",0.203809898331726,0.0019899567071537,0.0395523197261705
"ATP6V0A2","ATP6V0A2","ENSG00000185344.13","ATPase H+ transporting V0 subunit a2 [Source:HGNC Symbol;Acc:HGNC:18481]","ATP6V0A2",0.203589685649766,0.00151672110970784,0.0360969981571562
"ARPC1A","ARPC1A","ENSG00000241685.9","actin related protein 2/3 complex subunit 1A [Source:HGNC Symbol;Acc:HGNC:703]","ARPC1A",0.201316411026585,0.00234807265593259,0.0422925237254395
"XPOT","XPOT","ENSG00000184575.11","exportin for tRNA [Source:HGNC Symbol;Acc:HGNC:12826]","XPOT",0.20094553904655,0.000866315801313174,0.0283841799254166
"KIFC1","KIFC1","ENSG00000204197.9","kinesin family member C1 [Source:HGNC Symbol;Acc:HGNC:6389]","KIFC1",0.19937554292023,0.00257785884805783,0.0443032321300338
"PDXP","PDXP","ENSG00000241360.1","pyridoxal phosphatase [Source:HGNC Symbol;Acc:HGNC:30259]","PDXP",0.197678731118108,0.001353342727828,0.0353762962155621
"KIF11","KIF11","ENSG00000138160.5","kinesin family member 11 [Source:HGNC Symbol;Acc:HGNC:6388]","KIF11",0.196708345290812,0.00202097530728725,0.0396907431701303
"SERPINI1","SERPINI1","ENSG00000163536.12","serpin family I member 1 [Source:HGNC Symbol;Acc:HGNC:8943]","SERPINI1",0.195528046979144,0.000503808361131576,0.022371355541483
"LSM12","LSM12","ENSG00000161654.9","LSM12 homolog [Source:HGNC Symbol;Acc:HGNC:26407]","LSM12",0.191355149343013,0.0023615187756402,0.0422925237254395
"UHRF1BP1","UHRF1BP1","ENSG00000065060.16","UHRF1 binding protein 1 [Source:HGNC Symbol;Acc:HGNC:21216]","UHRF1BP1",0.189340587744574,0.00209959876669237,0.0405751311783288
"SUPT3H","SUPT3H","ENSG00000196284.15","SPT3 homolog, SAGA and STAGA complex component [Source:HGNC Symbol;Acc:HGNC:11466]","SUPT3H",0.187708620316533,0.00271362634173497,0.0454301952631568
"FAM129A","FAM129A","ENSG00000135842.16","family with sequence similarity 129 member A [Source:HGNC Symbol;Acc:HGNC:16784]","FAM129A",0.185358677050155,0.00223455177127254,0.0419614910075431
"KPNB1","KPNB1","ENSG00000108424.9","karyopherin subunit beta 1 [Source:HGNC Symbol;Acc:HGNC:6400]","KPNB1",0.182369021675086,0.000432053574377135,0.0208132111288965
"LIPE","LIPE","ENSG00000079435.9","lipase E, hormone sensitive type [Source:HGNC Symbol;Acc:HGNC:6621]","LIPE",0.181780936235373,0.00256529921904323,0.0443032321300338
"ARHGEF2","ARHGEF2","ENSG00000116584.17","Rho/Rac guanine nucleotide exchange factor 2 [Source:HGNC Symbol;Acc:HGNC:682]","ARHGEF2",0.181474971290217,0.00236334261192361,0.0422925237254395
"UTP20","UTP20","ENSG00000120800.4","UTP20, small subunit processome component [Source:HGNC Symbol;Acc:HGNC:17897]","UTP20",0.177886646983665,0.00150549386910243,0.0360969981571562
"DNPEP","DNPEP","ENSG00000123992.18","aspartyl aminopeptidase [Source:HGNC Symbol;Acc:HGNC:2981]","DNPEP",0.177159030453027,0.00220505184468265,0.0418619737642307
"FNDC3B","FNDC3B","ENSG00000075420.12","fibronectin type III domain containing 3B [Source:HGNC Symbol;Acc:HGNC:24670]","FNDC3B",0.175321229738901,0.000327757078637463,0.0182436052785247
"ABCC1","ABCC1","ENSG00000278183.4","ATP binding cassette subfamily C member 1 [Source:HGNC Symbol;Acc:HGNC:51]","ABCC1",0.173650909866193,0.0013400404969199,0.035305600292183
"PDLIM1","PDLIM1","ENSG00000107438.8","PDZ and LIM domain 1 [Source:HGNC Symbol;Acc:HGNC:2067]","PDLIM1",0.171921300126864,0.0016654611231706,0.0366897979118194
"BRIX1","BRIX1","ENSG00000113460.12","BRX1, biogenesis of ribosomes [Source:HGNC Symbol;Acc:HGNC:24170]","BRIX1",0.171852262488995,0.00212902205758137,0.0408999469528004
"FBXO30","FBXO30","ENSG00000118496.4","F-box protein 30 [Source:HGNC Symbol;Acc:HGNC:15600]","FBXO30",0.166475164883588,0.00141212265250913,0.0353762962155621
"TRIP13","TRIP13","ENSG00000071539.13","thyroid hormone receptor interactor 13 [Source:HGNC Symbol;Acc:HGNC:12307]","TRIP13",0.165066796187899,0.000236745544909307,0.0150340987452898
"PAXBP1","PAXBP1","ENSG00000159086.14","PAX3 and PAX7 binding protein 1 [Source:HGNC Symbol;Acc:HGNC:13579]","PAXBP1",0.165062382557616,0.000179135354603379,0.0128716894798646
"NDUFC1","NDUFC1","ENSG00000109390.11","NADH:ubiquinone oxidoreductase subunit C1 [Source:HGNC Symbol;Acc:HGNC:7705]","NDUFC1",0.163971813244475,0.002818832187646,0.0462241693177469
"TMEM259","TMEM259","ENSG00000182087.12","transmembrane protein 259 [Source:HGNC Symbol;Acc:HGNC:17039]","TMEM259",0.163867324168266,0.00247346802955786,0.0436390430929137
"SPIRE1","SPIRE1","ENSG00000134278.15","spire type actin nucleation factor 1 [Source:HGNC Symbol;Acc:HGNC:30622]","SPIRE1",0.163616872955371,0.00139525497299397,0.0353762962155621
"IPO9","IPO9","ENSG00000198700.9","importin 9 [Source:HGNC Symbol;Acc:HGNC:19425]","IPO9",0.161894081513925,0.0015253539201025,0.0360969981571562
"MAFG","MAFG","ENSG00000197063.10","MAF bZIP transcription factor G [Source:HGNC Symbol;Acc:HGNC:6781]","MAFG",0.161190615190374,0.000770990262456295,0.0275742399749075
"C18orf8","C18orf8","ENSG00000141452.9","chromosome 18 open reading frame 8 [Source:HGNC Symbol;Acc:HGNC:24326]","C18orf8",0.160976775918367,0.00199792613766324,0.0395779653937099
"STAT3","STAT3","ENSG00000168610.14","signal transducer and activator of transcription 3 [Source:HGNC Symbol;Acc:HGNC:11364]","STAT3",0.160516001092529,0.000552403420061615,0.0233486450918022
"ALDH1L2","ALDH1L2","ENSG00000136010.13","aldehyde dehydrogenase 1 family member L2 [Source:HGNC Symbol;Acc:HGNC:26777]","ALDH1L2",0.160449595246928,0.00152379090711206,0.0360969981571562
"PLCH1","PLCH1","ENSG00000114805.16","phospholipase C eta 1 [Source:HGNC Symbol;Acc:HGNC:29185]","PLCH1",0.159922149085352,0.00156155797102882,0.0362226025701893
"NUP210","NUP210","ENSG00000132182.11","nucleoporin 210 [Source:HGNC Symbol;Acc:HGNC:30052]","NUP210",0.159737656869737,0.000129477689413965,0.011558037410705
"TUFT1","TUFT1","ENSG00000143367.15","tuftelin 1 [Source:HGNC Symbol;Acc:HGNC:12422]","TUFT1",0.159122516537711,0.00205863497871827,0.0399789947709808
"PSMD12","PSMD12","ENSG00000197170.9","proteasome 26S subunit, non-ATPase 12 [Source:HGNC Symbol;Acc:HGNC:9557]","PSMD12",0.157730067470883,0.00017846274541127,0.0128716894798646
"ADPGK","ADPGK","ENSG00000159322.17","ADP dependent glucokinase [Source:HGNC Symbol;Acc:HGNC:25250]","ADPGK",0.156126118106498,0.000236940358627994,0.0150340987452898
"IRAK2","IRAK2","ENSG00000134070.4","interleukin 1 receptor associated kinase 2 [Source:HGNC Symbol;Acc:HGNC:6113]","IRAK2",0.154391539871887,0.00305785171596234,0.0483463424113655
"DPY19L4","DPY19L4","ENSG00000156162.16","dpy-19 like 4 [Source:HGNC Symbol;Acc:HGNC:27829]","DPY19L4",0.151859092633287,0.00135553140974125,0.0353762962155621
"YKT6","YKT6","ENSG00000106636.7","YKT6 v-SNARE homolog [Source:HGNC Symbol;Acc:HGNC:16959]","YKT6",0.151074478017355,0.00145612007088323,0.0356321146757309
"PITPNB","PITPNB","ENSG00000180957.17","phosphatidylinositol transfer protein beta [Source:HGNC Symbol;Acc:HGNC:9002]","PITPNB",0.148882577904748,0.0019866852337735,0.0395523197261705
"PIGT","PIGT","ENSG00000124155.17","phosphatidylinositol glycan anchor biosynthesis class T [Source:HGNC Symbol;Acc:HGNC:14938]","PIGT",0.147688910592426,0.000745289337098709,0.0271463913383788
"HEATR1","HEATR1","ENSG00000119285.10","HEAT repeat containing 1 [Source:HGNC Symbol;Acc:HGNC:25517]","HEATR1",0.147601487965002,0.00126926366206343,0.0343149131673633
"MYBBP1A","MYBBP1A","ENSG00000132382.14","MYB binding protein 1a [Source:HGNC Symbol;Acc:HGNC:7546]","MYBBP1A",0.146852375861558,0.00156544655845605,0.0362226025701893
"GPHN","GPHN","ENSG00000171723.15","gephyrin [Source:HGNC Symbol;Acc:HGNC:15465]","GPHN",0.145492967037969,0.000866578272326351,0.0283841799254166
"IARS","IARS","ENSG00000196305.17","isoleucyl-tRNA synthetase [Source:HGNC Symbol;Acc:HGNC:5330]","IARS",0.144561751099034,0.00202380809077249,0.0396907431701303
"IPO8","IPO8","ENSG00000133704.9","importin 8 [Source:HGNC Symbol;Acc:HGNC:9853]","IPO8",0.143636586818536,0.000776333779051823,0.0276402801334487
"GON4L","GON4L","ENSG00000116580.18","gon-4 like [Source:HGNC Symbol;Acc:HGNC:25973]","GON4L",0.134123822796609,0.00152145152397764,0.0360969981571562
"NOL6","NOL6","ENSG00000165271.16","nucleolar protein 6 [Source:HGNC Symbol;Acc:HGNC:19910]","NOL6",0.13309945536938,0.000439296658234589,0.0208132111288965
"RUVBL2","RUVBL2","ENSG00000183207.13","RuvB like AAA ATPase 2 [Source:HGNC Symbol;Acc:HGNC:10475]","RUVBL2",0.133029358537908,0.00145422046030181,0.0356321146757309
"PSAT1","PSAT1","ENSG00000135069.13","phosphoserine aminotransferase 1 [Source:HGNC Symbol;Acc:HGNC:19129]","PSAT1",0.131844615527327,0.00106489218691115,0.0317619163975311
"SH3GLB1","SH3GLB1","ENSG00000097033.14","SH3 domain containing GRB2 like, endophilin B1 [Source:HGNC Symbol;Acc:HGNC:10833]","SH3GLB1",0.131527498852233,0.000599027433891709,0.0245856361019514
"SMG1","SMG1","ENSG00000157106.16","SMG1, nonsense mediated mRNA decay associated PI3K related kinase [Source:HGNC Symbol;Acc:HGNC:30045]","SMG1",0.129779834635732,0.000165639369826342,0.0123510715010133
"GTF2B","GTF2B","ENSG00000137947.11","general transcription factor IIB [Source:HGNC Symbol;Acc:HGNC:4648]","GTF2B",0.128885723008925,0.00124190670611417,0.0340834396011334
"THOP1","THOP1","ENSG00000172009.14","thimet oligopeptidase 1 [Source:HGNC Symbol;Acc:HGNC:11793]","THOP1",0.128728665884461,0.000814134772034443,0.0279779184267836
"XPO1","XPO1","ENSG00000082898.16","exportin 1 [Source:HGNC Symbol;Acc:HGNC:12825]","XPO1",0.123785753387786,0.00213193043326844,0.0408999469528004
"NAMPT","NAMPT","ENSG00000105835.11","nicotinamide phosphoribosyltransferase [Source:HGNC Symbol;Acc:HGNC:30092]","NAMPT",0.123290973102063,0.0023344101782966,0.0422925237254395
"PLOD3","PLOD3","ENSG00000106397.11","procollagen-lysine,2-oxoglutarate 5-dioxygenase 3 [Source:HGNC Symbol;Acc:HGNC:9083]","PLOD3",0.122867423212739,0.000790997577256339,0.0279779184267836
"MTAP","MTAP","ENSG00000099810.18","methylthioadenosine phosphorylase [Source:HGNC Symbol;Acc:HGNC:7413]","MTAP",0.122556728884964,0.00185379546876215,0.0387309950307979
"PRSS8","PRSS8","ENSG00000052344.15","protease, serine 8 [Source:HGNC Symbol;Acc:HGNC:9491]","PRSS8",0.121308316409935,0.0025624116148448,0.0443032321300338
"SERPINB1","SERPINB1","ENSG00000021355.12","serpin family B member 1 [Source:HGNC Symbol;Acc:HGNC:3311]","SERPINB1",0.119720101367512,0.00275534439708324,0.045657430086358
"KARS","KARS","ENSG00000065427.14","lysyl-tRNA synthetase [Source:HGNC Symbol;Acc:HGNC:6215]","KARS",0.118475971247789,0.000645569102637759,0.0250126381727885
"SEC63","SEC63","ENSG00000025796.13","SEC63 homolog, protein translocation regulator [Source:HGNC Symbol;Acc:HGNC:21082]","SEC63",0.118115573819602,0.00272149888944012,0.0454301952631568
"ATR","ATR","ENSG00000175054.14","ATR serine/threonine kinase [Source:HGNC Symbol;Acc:HGNC:882]","ATR",0.114034283062193,0.00228005765578194,0.0421416510162635
"BAIAP2L1","BAIAP2L1","ENSG00000006453.13","BAI1 associated protein 2 like 1 [Source:HGNC Symbol;Acc:HGNC:21649]","BAIAP2L1",0.112155254996484,0.00137365829459864,0.0353762962155621
"ASPSCR1","ASPSCR1","ENSG00000169696.15","ASPSCR1, UBX domain containing tether for SLC2A4 [Source:HGNC Symbol;Acc:HGNC:13825]","ASPSCR1",0.111627836230982,0.000889084976399725,0.0284712105936845
"TMTC2","TMTC2","ENSG00000179104.8","transmembrane and tetratricopeptide repeat containing 2 [Source:HGNC Symbol;Acc:HGNC:25440]","TMTC2",0.111040650599148,3.78192591897001e-05,0.00564006461576207
"PDPR","PDPR","ENSG00000090857.13","pyruvate dehydrogenase phosphatase regulatory subunit [Source:HGNC Symbol;Acc:HGNC:30264]","PDPR",0.108634477644628,0.00145578512423527,0.0356321146757309
"GTPBP4","GTPBP4","ENSG00000107937.18","GTP binding protein 4 [Source:HGNC Symbol;Acc:HGNC:21535]","GTPBP4",0.106170766079118,0.00119508878137355,0.0336155933379947
"PROSER1","PROSER1","ENSG00000120685.19","proline and serine rich 1 [Source:HGNC Symbol;Acc:HGNC:20291]","PROSER1",0.105129541099535,0.00202872725717771,0.0396907431701303
"LCMT1","LCMT1","ENSG00000205629.11","leucine carboxyl methyltransferase 1 [Source:HGNC Symbol;Acc:HGNC:17557]","LCMT1",0.104023721774577,0.00248180490655269,0.0436768558822718
"PLEKHG4","PLEKHG4","ENSG00000196155.12","pleckstrin homology and RhoGEF domain containing G4 [Source:HGNC Symbol;Acc:HGNC:24501]","PLEKHG4",0.103556766920773,0.00174225793782242,0.0375820903972652
"AP5Z1","AP5Z1","ENSG00000242802.6","adaptor related protein complex 5 zeta 1 subunit [Source:HGNC Symbol;Acc:HGNC:22197]","AP5Z1",0.098927937510812,0.00288399268915956,0.0466618294408496
"HTT","HTT","ENSG00000197386.10","huntingtin [Source:HGNC Symbol;Acc:HGNC:4851]","HTT",0.0950871000151119,0.00195037688122335,0.0395276381261266
"MGAT2","MGAT2","ENSG00000168282.5","mannosyl (alpha-1,6-)-glycoprotein beta-1,2-N-acetylglucosaminyltransferase [Source:HGNC Symbol;Acc:HGNC:7045]","MGAT2",0.0946820259530622,0.000671054394916765,0.0256250867273112
"DDX28","DDX28","ENSG00000182810.6","DEAD-box helicase 28 [Source:HGNC Symbol;Acc:HGNC:17330]","DDX28",0.0909435781886912,0.000396574793422954,0.0204871056680721
"PPP1CB","PPP1CB","ENSG00000213639.9","protein phosphatase 1 catalytic subunit beta [Source:HGNC Symbol;Acc:HGNC:9282]","PPP1CB",0.0905008826442204,0.00147523585089023,0.0357676814890686
"COPB1","COPB1","ENSG00000129083.12","coatomer protein complex subunit beta 1 [Source:HGNC Symbol;Acc:HGNC:2231]","COPB1",0.0888321223020226,0.00189635871424421,0.0392184900753249
"GALNT7","GALNT7","ENSG00000109586.11","polypeptide N-acetylgalactosaminyltransferase 7 [Source:HGNC Symbol;Acc:HGNC:4129]","GALNT7",0.0878323481531869,0.000412804899996367,0.0205755149693838
"LONP1","LONP1","ENSG00000196365.11","lon peptidase 1, mitochondrial [Source:HGNC Symbol;Acc:HGNC:9479]","LONP1",0.0869498144405941,0.00311177082492554,0.0486653357303375
"CARD11","CARD11","ENSG00000198286.9","caspase recruitment domain family member 11 [Source:HGNC Symbol;Acc:HGNC:16393]","CARD11",0.0868536657948384,0.00315934165043758,0.0489808615852844
"NUP205","NUP205","ENSG00000155561.14","nucleoporin 205 [Source:HGNC Symbol;Acc:HGNC:18658]","NUP205",0.0853525492335061,0.00201107283885532,0.0396907431701303
"CTH","CTH","ENSG00000116761.11","cystathionine gamma-lyase [Source:HGNC Symbol;Acc:HGNC:2501]","CTH",0.0846255791157379,0.00133064440780917,0.0351752956499119
"PTBP1","PTBP1","ENSG00000011304.19","polypyrimidine tract binding protein 1 [Source:HGNC Symbol;Acc:HGNC:9583]","PTBP1",0.0832280147878558,0.00280122657158515,0.0461268642121022
"DHX9","DHX9","ENSG00000135829.16","DExH-box helicase 9 [Source:HGNC Symbol;Acc:HGNC:2750]","DHX9",0.0821737044799725,0.00322575026114955,0.0492207144095098
"PUS1","PUS1","ENSG00000177192.13","pseudouridylate synthase 1 [Source:HGNC Symbol;Acc:HGNC:15508]","PUS1",0.0819369055936775,0.000370255401135296,0.0195662084807906
"IARS2","IARS2","ENSG00000067704.9","isoleucyl-tRNA synthetase 2, mitochondrial [Source:HGNC Symbol;Acc:HGNC:29685]","IARS2",0.0813195930280803,0.00321338661397867,0.0491269009610975
"DCAF1","DCAF1","ENSG00000145041.15","DDB1 and CUL4 associated factor 1 [Source:HGNC Symbol;Acc:HGNC:30911]","DCAF1",0.0761206747032525,0.00185716689229155,0.0387309950307979
"NAT10","NAT10","ENSG00000135372.8","N-acetyltransferase 10 [Source:HGNC Symbol;Acc:HGNC:29830]","NAT10",0.0745730732133335,0.000130101166712442,0.011558037410705
"NOL9","NOL9","ENSG00000162408.10","nucleolar protein 9 [Source:HGNC Symbol;Acc:HGNC:26265]","NOL9",0.0741269011498333,0.00260552397825966,0.0443383873346089
"KAT7","KAT7","ENSG00000136504.11","lysine acetyltransferase 7 [Source:HGNC Symbol;Acc:HGNC:17016]","KAT7",0.0709414672181096,0.00157190696882274,0.0362226025701893
"MRPL39","MRPL39","ENSG00000154719.13","mitochondrial ribosomal protein L39 [Source:HGNC Symbol;Acc:HGNC:14027]","MRPL39",0.0705505137272319,0.000757165694605718,0.0273271125578246
"RPLP0","RPLP0","ENSG00000089157.15","ribosomal protein lateral stalk subunit P0 [Source:HGNC Symbol;Acc:HGNC:10371]","RPLP0",0.0672640663848603,0.00122028304875866,0.0337241860747848
"SEC23A","SEC23A","ENSG00000100934.14","Sec23 homolog A, coat complex II component [Source:HGNC Symbol;Acc:HGNC:10701]","SEC23A",0.0665716143397254,0.00272443225641907,0.0454301952631568
"USP9X","USP9X","ENSG00000124486.12","ubiquitin specific peptidase 9, X-linked [Source:HGNC Symbol;Acc:HGNC:12632]","USP9X",0.0648785371652745,0.00257041208812235,0.0443032321300338
"CCT6A","CCT6A","ENSG00000146731.10","chaperonin containing TCP1 subunit 6A [Source:HGNC Symbol;Acc:HGNC:1620]","CCT6A",0.0634688927932811,0.000455552318484196,0.0208132111288965
"TUFM","TUFM","ENSG00000178952.10","Tu translation elongation factor, mitochondrial [Source:HGNC Symbol;Acc:HGNC:12420]","TUFM",0.0598368317612703,0.00087891303097705,0.0284492779892933
"UBR4","UBR4","ENSG00000127481.14","ubiquitin protein ligase E3 component n-recognin 4 [Source:HGNC Symbol;Acc:HGNC:30313]","UBR4",0.0593372356791303,0.0019600497853699,0.0395465094670142
"CIP2A","CIP2A","ENSG00000163507.13","cell proliferation regulating inhibitor of protein phosphatase 2A [Source:HGNC Symbol;Acc:HGNC:29302]","CIP2A",0.0480270385474884,0.000530959744901465,0.0230652314699113
"CCT2","CCT2","ENSG00000166226.12","chaperonin containing TCP1 subunit 2 [Source:HGNC Symbol;Acc:HGNC:1615]","CCT2",0.0431488553639789,5.26302023984343e-05,0.00717222620271078
"SUGT1","SUGT1","ENSG00000165416.14","SGT1 homolog, MIS12 kinetochore complex assembly cochaperone [Source:HGNC Symbol;Acc:HGNC:16987]","SUGT1",-0.0447270626407823,0.00284557583074221,0.0463740852911061
"CASP6","CASP6","ENSG00000138794.9","caspase 6 [Source:HGNC Symbol;Acc:HGNC:1507]","CASP6",-0.06647511737301,0.00258651652981621,0.0443032321300338
"ZNF292","ZNF292","ENSG00000188994.12","zinc finger protein 292 [Source:HGNC Symbol;Acc:HGNC:18410]","ZNF292",-0.067612581459892,0.00225986195549984,0.0421272379629028
"WASF2","WASF2","ENSG00000158195.10","WAS protein family member 2 [Source:HGNC Symbol;Acc:HGNC:12733]","WASF2",-0.0709722965206668,0.00197334678479665,0.0395465094670142
"INPP5A","INPP5A","ENSG00000068383.18","inositol polyphosphate-5-phosphatase A [Source:HGNC Symbol;Acc:HGNC:6076]","INPP5A",-0.0731392686893676,0.00246457363048395,0.0436390430929137
"ABLIM1","ABLIM1","ENSG00000099204.18","actin binding LIM protein 1 [Source:HGNC Symbol;Acc:HGNC:78]","ABLIM1",-0.077371371105202,0.000290862715632287,0.0173901176990273
"TIMM10","TIMM10","ENSG00000134809.8","translocase of inner mitochondrial membrane 10 [Source:HGNC Symbol;Acc:HGNC:11814]","TIMM10",-0.0790790196043583,0.000217761943699939,0.014711029085507
"CUX1","CUX1","ENSG00000257923.9","cut like homeobox 1 [Source:HGNC Symbol;Acc:HGNC:2557]","CUX1",-0.0809282494353942,0.00138550647541304,0.0353762962155621
"KIF5C","KIF5C","ENSG00000168280.16","kinesin family member 5C [Source:HGNC Symbol;Acc:HGNC:6325]","KIF5C",-0.082399623443314,0.00314686176291167,0.0489621956182162
"METTL3","METTL3","ENSG00000165819.11","methyltransferase like 3 [Source:HGNC Symbol;Acc:HGNC:17563]","METTL3",-0.0838742004449697,0.00189203012263599,0.0392184900753249
"SPR","SPR","ENSG00000116096.5","sepiapterin reductase [Source:HGNC Symbol;Acc:HGNC:11257]","SPR",-0.0872190148316567,0.000282803203071721,0.017327724938596
"NPTN","NPTN","ENSG00000156642.16","neuroplastin [Source:HGNC Symbol;Acc:HGNC:17867]","NPTN",-0.0886812346592073,0.000963391914343827,0.0295504934604466
"NMRAL1","NMRAL1","ENSG00000153406.13","NmrA like redox sensor 1 [Source:HGNC Symbol;Acc:HGNC:24987]","NMRAL1",-0.0887414104045871,0.000920218485076391,0.0290936276241752
"ALDH4A1","ALDH4A1","ENSG00000159423.16","aldehyde dehydrogenase 4 family member A1 [Source:HGNC Symbol;Acc:HGNC:406]","ALDH4A1",-0.0920135036636056,0.00158680441849011,0.036434438100523
"RPS19","RPS19","ENSG00000105372.6","ribosomal protein S19 [Source:HGNC Symbol;Acc:HGNC:10402]","RPS19",-0.0938786360670963,0.00113310321311287,0.0326863058264384
"FUCA1","FUCA1","ENSG00000179163.11","alpha-L-fucosidase 1 [Source:HGNC Symbol;Acc:HGNC:4006]","FUCA1",-0.0951228236637473,0.00184974767841294,0.0387309950307979
"PLBD1","PLBD1","ENSG00000121316.10","phospholipase B domain containing 1 [Source:HGNC Symbol;Acc:HGNC:26215]","PLBD1",-0.097005057320263,0.00311546810216988,0.0486653357303375
"CENPT","CENPT","ENSG00000102901.12","centromere protein T [Source:HGNC Symbol;Acc:HGNC:25787]","CENPT",-0.097191139054499,0.000709537463974365,0.0263295028885135
"ITGAV","ITGAV","ENSG00000138448.11","integrin subunit alpha V [Source:HGNC Symbol;Acc:HGNC:6150]","ITGAV",-0.101226070183392,0.00194849631245619,0.0395276381261266
"MARF1","MARF1","ENSG00000277140.2","meiosis regulator and mRNA stability factor 1 [Source:HGNC Symbol;Acc:HGNC:29562]","MARF1",-0.104529212865271,6.89323144521227e-06,0.00290708665418332
"PIBF1","PIBF1","ENSG00000083535.15","progesterone immunomodulatory binding factor 1 [Source:HGNC Symbol;Acc:HGNC:23352]","PIBF1",-0.106513759979276,0.000992033303491746,0.0302742518563659
"GBE1","GBE1","ENSG00000114480.12","1,4-alpha-glucan branching enzyme 1 [Source:HGNC Symbol;Acc:HGNC:4180]","GBE1",-0.110389583124848,0.00153419160750634,0.036197762584269
"TANGO2","TANGO2","ENSG00000183597.15","transport and golgi organization 2 homolog [Source:HGNC Symbol;Acc:HGNC:25439]","TANGO2",-0.11088792548381,0.00216393763685078,0.0412138869437796
"DYNC2H1","DYNC2H1","ENSG00000187240.13","dynein cytoplasmic 2 heavy chain 1 [Source:HGNC Symbol;Acc:HGNC:2962]","DYNC2H1",-0.111041306176355,0.00138387272318298,0.0353762962155621
"DPYSL2","DPYSL2","ENSG00000092964.17","dihydropyrimidinase like 2 [Source:HGNC Symbol;Acc:HGNC:3014]","DPYSL2",-0.111275481708865,0.00181997001286891,0.0387013358087875
"PPP2R3A","PPP2R3A","ENSG00000073711.10","protein phosphatase 2 regulatory subunit B''alpha [Source:HGNC Symbol;Acc:HGNC:9307]","PPP2R3A",-0.111444864621154,0.00329578828730215,0.0499998284507413
"MTMR12","MTMR12","ENSG00000150712.10","myotubularin related protein 12 [Source:HGNC Symbol;Acc:HGNC:18191]","MTMR12",-0.111867080794757,0.00284405164580552,0.0463740852911061
"ODF2","ODF2","ENSG00000136811.16","outer dense fiber of sperm tails 2 [Source:HGNC Symbol;Acc:HGNC:8114]","ODF2",-0.111889779904318,0.00248666310058481,0.0436768558822718
"ANK3","ANK3","ENSG00000151150.21","ankyrin 3 [Source:HGNC Symbol;Acc:HGNC:494]","ANK3",-0.113295812482614,0.000290882314106805,0.0173901176990273
"WASHC3","WASHC3","ENSG00000120860.10","WASH complex subunit 3 [Source:HGNC Symbol;Acc:HGNC:24256]","WASHC3",-0.114335629240754,0.00168217228568457,0.0369330270723635
"CSRP1","CSRP1","ENSG00000159176.13","cysteine and glycine rich protein 1 [Source:HGNC Symbol;Acc:HGNC:2469]","CSRP1",-0.115204182519706,0.000641549932837873,0.0249918008800245
"C17orf97","C17orf97","ENSG00000187624.8","chromosome 17 open reading frame 97 [Source:HGNC Symbol;Acc:HGNC:33800]","C17orf97",-0.116446418211316,0.000520661741808191,0.0229905609343684
"REPS2","REPS2","ENSG00000169891.17","RALBP1 associated Eps domain containing 2 [Source:HGNC Symbol;Acc:HGNC:9963]","REPS2",-0.116997741548559,0.00202814420224055,0.0396907431701303
"OBSL1","OBSL1","ENSG00000124006.14","obscurin like 1 [Source:HGNC Symbol;Acc:HGNC:29092]","OBSL1",-0.119392045722232,0.00250411703442768,0.0438859003106793
"ACSM3","ACSM3","ENSG00000005187.11","acyl-CoA synthetase medium chain family member 3 [Source:HGNC Symbol;Acc:HGNC:10522]","ACSM3",-0.119680124683929,0.000735881426577641,0.0269466389516797
"PRPF18","PRPF18","ENSG00000165630.13","pre-mRNA processing factor 18 [Source:HGNC Symbol;Acc:HGNC:17351]","PRPF18",-0.121265230140511,0.00319792530375816,0.0491010348042344
"TTK","TTK","ENSG00000112742.9","TTK protein kinase [Source:HGNC Symbol;Acc:HGNC:12401]","TTK",-0.124104349439683,0.000410723479002836,0.0205755149693838
"SPAST","SPAST","ENSG00000021574.11","spastin [Source:HGNC Symbol;Acc:HGNC:11233]","SPAST",-0.125496447925751,0.000186565013239998,0.0131661595057942
"CMTM6","CMTM6","ENSG00000091317.7","CKLF like MARVEL transmembrane domain containing 6 [Source:HGNC Symbol;Acc:HGNC:19177]","CMTM6",-0.125541372843897,0.00281134847230174,0.0461972938151205
"HDLBP","HDLBP","ENSG00000115677.16","high density lipoprotein binding protein [Source:HGNC Symbol;Acc:HGNC:4857]","HDLBP",-0.126552285773352,0.00251429914329222,0.0438936805866312
"HID1","HID1","ENSG00000167861.15","HID1 domain containing [Source:HGNC Symbol;Acc:HGNC:15736]","HID1",-0.126812569471398,0.00162752410214265,0.0364417861284292
"SHTN1","SHTN1","ENSG00000187164.19","shootin 1 [Source:HGNC Symbol;Acc:HGNC:29319]","SHTN1",-0.128180818752899,0.000500406177250733,0.0223458216101118
"UBR7","UBR7","ENSG00000012963.14","ubiquitin protein ligase E3 component n-recognin 7 (putative) [Source:HGNC Symbol;Acc:HGNC:20344]","UBR7",-0.129610445508217,0.000453012268056593,0.0208132111288965
"FBLIM1","FBLIM1","ENSG00000162458.12","filamin binding LIM protein 1 [Source:HGNC Symbol;Acc:HGNC:24686]","FBLIM1",-0.13004779606485,0.00223823171857614,0.0419614910075431
"MFN1","MFN1","ENSG00000171109.18","mitofusin 1 [Source:HGNC Symbol;Acc:HGNC:18262]","MFN1",-0.130488096071358,0.00128541608825303,0.0343720858917417
"TTC19","TTC19","ENSG00000011295.15","tetratricopeptide repeat domain 19 [Source:HGNC Symbol;Acc:HGNC:26006]","TTC19",-0.132956365811115,0.000294837457008556,0.0173901176990273
"EPDR1","EPDR1","ENSG00000086289.11","ependymin related 1 [Source:HGNC Symbol;Acc:HGNC:17572]","EPDR1",-0.133230483440404,0.00320548253529668,0.0491010348042344
"SKA2","SKA2","ENSG00000182628.12","spindle and kinetochore associated complex subunit 2 [Source:HGNC Symbol;Acc:HGNC:28006]","SKA2",-0.134183507851463,3.26426595295605e-05,0.00533332591783475
"XPNPEP3","XPNPEP3","ENSG00000196236.12","X-prolyl aminopeptidase 3 [Source:HGNC Symbol;Acc:HGNC:28052]","XPNPEP3",-0.134312285510028,0.00088972533105264,0.0284712105936845
"CHMP1A","CHMP1A","ENSG00000131165.14","charged multivesicular body protein 1A [Source:HGNC Symbol;Acc:HGNC:8740]","CHMP1A",-0.134356368261726,0.000635026625295275,0.0249918008800245
"C12orf45","C12orf45","ENSG00000151131.10","chromosome 12 open reading frame 45 [Source:HGNC Symbol;Acc:HGNC:28628]","C12orf45",-0.135759077697905,0.000936307544639473,0.0291789789210793
"CETN2","CETN2","ENSG00000147400.8","centrin 2 [Source:HGNC Symbol;Acc:HGNC:1867]","CETN2",-0.136248865863985,0.0011145841711728,0.032529969638598
"SFI1","SFI1","ENSG00000198089.15","SFI1 centrin binding protein [Source:HGNC Symbol;Acc:HGNC:29064]","SFI1",-0.137570865966183,0.000439756352089688,0.0208132111288965
"IGF2R","IGF2R","ENSG00000197081.12","insulin like growth factor 2 receptor [Source:HGNC Symbol;Acc:HGNC:5467]","IGF2R",-0.137845322172057,0.00022702618753127,0.0150340987452898
"PPIL2","PPIL2","ENSG00000100023.18","peptidylprolyl isomerase like 2 [Source:HGNC Symbol;Acc:HGNC:9261]","PPIL2",-0.138297932772835,0.00228196187183208,0.0421416510162635
"ATL3","ATL3","ENSG00000184743.12","atlastin GTPase 3 [Source:HGNC Symbol;Acc:HGNC:24526]","ATL3",-0.140617153146337,0.00112356803028052,0.032529969638598
"PALMD","PALMD","ENSG00000099260.10","palmdelphin [Source:HGNC Symbol;Acc:HGNC:15846]","PALMD",-0.140844039179827,0.00112356344774214,0.032529969638598
"PPP4R3B","PPP4R3B","ENSG00000275052.4","protein phosphatase 4 regulatory subunit 3B [Source:HGNC Symbol;Acc:HGNC:29267]","PPP4R3B",-0.146876338671846,0.00160894854153532,0.0364387658231954
"DECR1","DECR1","ENSG00000104325.6","2,4-dienoyl-CoA reductase 1 [Source:HGNC Symbol;Acc:HGNC:2753]","DECR1",-0.146961014774685,0.00108636337484006,0.0320567542537341
"MORF4L1","MORF4L1","ENSG00000185787.14","mortality factor 4 like 1 [Source:HGNC Symbol;Acc:HGNC:16989]","MORF4L1",-0.151119618008293,0.00285436882731696,0.0463877187949834
"SLC17A5","SLC17A5","ENSG00000119899.12","solute carrier family 17 member 5 [Source:HGNC Symbol;Acc:HGNC:10933]","SLC17A5",-0.151613951473829,0.00117604422828974,0.0333170379225883
"CCDC88A","CCDC88A","ENSG00000115355.15","coiled-coil domain containing 88A [Source:HGNC Symbol;Acc:HGNC:25523]","CCDC88A",-0.152807065230983,0.000306137614059212,0.0176621292082045
"LAMB2","LAMB2","ENSG00000172037.13","laminin subunit beta 2 [Source:HGNC Symbol;Acc:HGNC:6487]","LAMB2",-0.155703965994423,0.00246983619418128,0.0436390430929137
"EAPP","EAPP","ENSG00000129518.8","E2F associated phosphoprotein [Source:HGNC Symbol;Acc:HGNC:19312]","EAPP",-0.156070184193903,0.00285815018385082,0.0463877187949834
"MIPEP","MIPEP","ENSG00000027001.9","mitochondrial intermediate peptidase [Source:HGNC Symbol;Acc:HGNC:7104]","MIPEP",-0.158729695019817,0.00183126260026398,0.0387013358087875
"TIMMDC1","TIMMDC1","ENSG00000113845.9","translocase of inner mitochondrial membrane domain containing 1 [Source:HGNC Symbol;Acc:HGNC:1321]","TIMMDC1",-0.160168525539749,0.00259205804036929,0.0443032321300338
"GALC","GALC","ENSG00000054983.16","galactosylceramidase [Source:HGNC Symbol;Acc:HGNC:4115]","GALC",-0.161751105532543,0.00182852030921288,0.0387013358087875
"DPCD","DPCD","ENSG00000166171.12","deleted in primary ciliary dyskinesia homolog (mouse) [Source:HGNC Symbol;Acc:HGNC:24542]","DPCD",-0.162733326723783,0.00108694460273289,0.0320567542537341
"ALDOC","ALDOC","ENSG00000109107.13","aldolase, fructose-bisphosphate C [Source:HGNC Symbol;Acc:HGNC:418]","ALDOC",-0.163496537289677,0.00197125419748477,0.0395465094670142
"PLOD2","PLOD2","ENSG00000152952.11","procollagen-lysine,2-oxoglutarate 5-dioxygenase 2 [Source:HGNC Symbol;Acc:HGNC:9082]","PLOD2",-0.165944216154754,0.00174501862041958,0.0375820903972652
"TXNDC9","TXNDC9","ENSG00000115514.11","thioredoxin domain containing 9 [Source:HGNC Symbol;Acc:HGNC:24110]","TXNDC9",-0.168531262871118,0.000448145555541952,0.0208132111288965
"SMARCA2","SMARCA2","ENSG00000080503.22","SWI/SNF related, matrix associated, actin dependent regulator of chromatin, subfamily a, member 2 [Source:HGNC Symbol;Acc:HGNC:11098]","SMARCA2",-0.170216751498922,0.00164447297073549,0.0366563110075392
"SMOC1","SMOC1","ENSG00000198732.10","SPARC related modular calcium binding 1 [Source:HGNC Symbol;Acc:HGNC:20318]","SMOC1",-0.170815574591985,0.00150015508070701,0.0360969981571562
"IST1","IST1","ENSG00000182149.20","IST1, ESCRT-III associated factor [Source:HGNC Symbol;Acc:HGNC:28977]","IST1",-0.171323272757104,0.00164638036534368,0.0366563110075392
"MLF2","MLF2","ENSG00000089693.10","myeloid leukemia factor 2 [Source:HGNC Symbol;Acc:HGNC:7126]","MLF2",-0.171349153554856,0.00105766194728805,0.0317216967289203
"MPI","MPI","ENSG00000178802.17","mannose phosphate isomerase [Source:HGNC Symbol;Acc:HGNC:7216]","MPI",-0.172520369828135,0.00190959830857782,0.0393058985182267
"IMPAD1","IMPAD1","ENSG00000104331.8","inositol monophosphatase domain containing 1 [Source:HGNC Symbol;Acc:HGNC:26019]","IMPAD1",-0.172692169549134,0.000237060184507236,0.0150340987452898
"TEKT1","TEKT1","ENSG00000167858.12","tektin 1 [Source:HGNC Symbol;Acc:HGNC:15534]","TEKT1",-0.173449491108754,0.000453990500661775,0.0208132111288965
"CDKN2AIPNL","CDKN2AIPNL","ENSG00000237190.3","CDKN2A interacting protein N-terminal like [Source:HGNC Symbol;Acc:HGNC:30545]","CDKN2AIPNL",-0.173799889321102,0.00182577738746747,0.0387013358087875
"MAN1A1","MAN1A1","ENSG00000111885.6","mannosidase alpha class 1A member 1 [Source:HGNC Symbol;Acc:HGNC:6821]","MAN1A1",-0.173907601108332,0.00103288159496111,0.0312908577218642
"OGT","OGT","ENSG00000147162.13","O-linked N-acetylglucosamine (GlcNAc) transferase [Source:HGNC Symbol;Acc:HGNC:8127]","OGT",-0.175651820486997,0.0015699282652516,0.0362226025701893
"BIRC2","BIRC2","ENSG00000110330.8","baculoviral IAP repeat containing 2 [Source:HGNC Symbol;Acc:HGNC:590]","BIRC2",-0.176041059808411,0.000673585245325084,0.0256250867273112
"TMEM57","TMEM57","ENSG00000204178.9","transmembrane protein 57 [Source:HGNC Symbol;Acc:HGNC:25572]","TMEM57",-0.176321091063105,7.35598849742742e-06,0.00290708665418332
"SERPINA5","SERPINA5","ENSG00000188488.13","serpin family A member 5 [Source:HGNC Symbol;Acc:HGNC:8723]","SERPINA5",-0.176632868848265,0.00288684648236026,0.0466618294408496
"ATRN","ATRN","ENSG00000088812.17","attractin [Source:HGNC Symbol;Acc:HGNC:885]","ATRN",-0.179679279082745,0.000536057250664488,0.0231529863893558
"GRAMD4","GRAMD4","ENSG00000075240.16","GRAM domain containing 4 [Source:HGNC Symbol;Acc:HGNC:29113]","GRAMD4",-0.182000753896858,0.00278751993933171,0.0459969887275111
"STAM","STAM","ENSG00000136738.14","signal transducing adaptor molecule [Source:HGNC Symbol;Acc:HGNC:11357]","STAM",-0.184009273981947,0.000150797995951358,0.0119623376928564
"MMP15","MMP15","ENSG00000102996.4","matrix metallopeptidase 15 [Source:HGNC Symbol;Acc:HGNC:7161]","MMP15",-0.184156594933906,0.000177664654081721,0.0128716894798646
"SRCIN1","SRCIN1","ENSG00000273608.4","SRC kinase signaling inhibitor 1 [Source:HGNC Symbol;Acc:HGNC:29506]","SRCIN1",-0.184676400678614,0.0030075515090467,0.0477343115010143
"GPC1","GPC1","ENSG00000063660.8","glypican 1 [Source:HGNC Symbol;Acc:HGNC:4449]","GPC1",-0.185638125285626,0.000217071294586754,0.014711029085507
"SMTN","SMTN","ENSG00000183963.18","smoothelin [Source:HGNC Symbol;Acc:HGNC:11126]","SMTN",-0.187361635588761,0.000690418985357275,0.0259860555250662
"CPNE8","CPNE8","ENSG00000139117.13","copine 8 [Source:HGNC Symbol;Acc:HGNC:23498]","CPNE8",-0.187724316305188,0.000944101383318452,0.0292634405245061
"SQLE","SQLE","ENSG00000104549.11","squalene epoxidase [Source:HGNC Symbol;Acc:HGNC:11279]","SQLE",-0.190172101931284,7.27501852655373e-05,0.00898464788029386
"BTF3","BTF3","ENSG00000145741.15","basic transcription factor 3 [Source:HGNC Symbol;Acc:HGNC:1125]","BTF3",-0.191879098139643,0.00166436714254075,0.0366897979118194
"ENPP5","ENPP5","ENSG00000112796.9","ectonucleotide pyrophosphatase/phosphodiesterase 5 (putative) [Source:HGNC Symbol;Acc:HGNC:13717]","ENPP5",-0.191969286218682,0.000550606192975263,0.0233486450918022
"LTV1","LTV1","ENSG00000135521.8","LTV1 ribosome biogenesis factor [Source:HGNC Symbol;Acc:HGNC:21173]","LTV1",-0.193738773217127,0.00204929190919313,0.0398955745080357
"ALDH1L1","ALDH1L1","ENSG00000144908.13","aldehyde dehydrogenase 1 family member L1 [Source:HGNC Symbol;Acc:HGNC:3978]","ALDH1L1",-0.193894724205671,0.00236504244517261,0.0422925237254395
"NSMCE2","NSMCE2","ENSG00000156831.7","NSE2/MMS21 homolog, SMC5-SMC6 complex SUMO ligase [Source:HGNC Symbol;Acc:HGNC:26513]","NSMCE2",-0.193977595678539,0.00197030142032751,0.0395465094670142
"ITGB6","ITGB6","ENSG00000115221.10","integrin subunit beta 6 [Source:HGNC Symbol;Acc:HGNC:6161]","ITGB6",-0.194683435838305,0.00253760605332402,0.044081842297743
"B4GALT1","B4GALT1","ENSG00000086062.12","beta-1,4-galactosyltransferase 1 [Source:HGNC Symbol;Acc:HGNC:924]","B4GALT1",-0.195459803936328,0.0013048237497727,0.0346084795912867
"NDRG1","NDRG1","ENSG00000104419.14","N-myc downstream regulated 1 [Source:HGNC Symbol;Acc:HGNC:7679]","NDRG1",-0.196661814452581,0.0030017986142674,0.0477343115010143
"SHKBP1","SHKBP1","ENSG00000160410.14","SH3KBP1 binding protein 1 [Source:HGNC Symbol;Acc:HGNC:19214]","SHKBP1",-0.197201455315833,0.000416508400189955,0.0205755149693838
"RNF168","RNF168","ENSG00000163961.4","ring finger protein 168 [Source:HGNC Symbol;Acc:HGNC:26661]","RNF168",-0.199308413190951,0.00266396161364079,0.0448954213096306
"HMGCS1","HMGCS1","ENSG00000112972.14","3-hydroxy-3-methylglutaryl-CoA synthase 1 [Source:HGNC Symbol;Acc:HGNC:5007]","HMGCS1",-0.199981529404559,0.00072100408328617,0.0266299825901583
"ZFYVE1","ZFYVE1","ENSG00000165861.13","zinc finger FYVE-type containing 1 [Source:HGNC Symbol;Acc:HGNC:13180]","ZFYVE1",-0.200398514707369,0.00262371302838962,0.044406483461224
"PPT1","PPT1","ENSG00000131238.17","palmitoyl-protein thioesterase 1 [Source:HGNC Symbol;Acc:HGNC:9325]","PPT1",-0.200755342283967,0.00233837458993377,0.0422925237254395
"RNASET2","RNASET2","ENSG00000026297.15","ribonuclease T2 [Source:HGNC Symbol;Acc:HGNC:21686]","RNASET2",-0.202261391821227,0.00214532209587513,0.0410125745036453
"CD9","CD9","ENSG00000010278.12","CD9 molecule [Source:HGNC Symbol;Acc:HGNC:1709]","CD9",-0.208746472797594,0.00270529121247581,0.0453983476505495
"LONP2","LONP2","ENSG00000102910.13","lon peptidase 2, peroxisomal [Source:HGNC Symbol;Acc:HGNC:20598]","LONP2",-0.209975667868545,0.00325278253274149,0.049537559034275
"SNAPC5","SNAPC5","ENSG00000174446.12","small nuclear RNA activating complex polypeptide 5 [Source:HGNC Symbol;Acc:HGNC:15484]","SNAPC5",-0.209991047598642,0.00138653640139006,0.0353762962155621
"CUL7","CUL7","ENSG00000044090.8","cullin 7 [Source:HGNC Symbol;Acc:HGNC:21024]","CUL7",-0.211413584913234,3.26429204677945e-06,0.0018503828578725
"MAN2A1","MAN2A1","ENSG00000112893.9","mannosidase alpha class 2A member 1 [Source:HGNC Symbol;Acc:HGNC:6824]","MAN2A1",-0.211847925985794,0.000151345365547272,0.0119623376928564
"QSOX1","QSOX1","ENSG00000116260.16","quiescin sulfhydryl oxidase 1 [Source:HGNC Symbol;Acc:HGNC:9756]","QSOX1",-0.212272480188839,0.000125339913890346,0.011558037410705
"PEX13","PEX13","ENSG00000162928.8","peroxisomal biogenesis factor 13 [Source:HGNC Symbol;Acc:HGNC:8855]","PEX13",-0.212355150719549,0.00225229531330192,0.0420854424499726
"CBX6","CBX6","ENSG00000183741.11","chromobox 6 [Source:HGNC Symbol;Acc:HGNC:1556]","CBX6",-0.212713960572217,0.000929849968805255,0.0291648180691934
"UMAD1","UMAD1","ENSG00000219545.11","UBAP1-MVB12-associated (UMA) domain containing 1 [Source:HGNC Symbol;Acc:HGNC:48955]","UMAD1",-0.216360809025642,0.00141891697226238,0.0353762962155621
"PDK3","PDK3","ENSG00000067992.12","pyruvate dehydrogenase kinase 3 [Source:HGNC Symbol;Acc:HGNC:8811]","PDK3",-0.217303307710222,0.000302457763874492,0.0175781335710587
"CYBA","CYBA","ENSG00000051523.10","cytochrome b-245 alpha chain [Source:HGNC Symbol;Acc:HGNC:2577]","CYBA",-0.218522978233789,0.00142679129202653,0.0353762962155621
"DCAF6","DCAF6","ENSG00000143164.15","DDB1 and CUL4 associated factor 6 [Source:HGNC Symbol;Acc:HGNC:30002]","DCAF6",-0.218653378598397,0.000819791384486112,0.0280079553197724
"L3MBTL3","L3MBTL3","ENSG00000198945.7","L3MBTL3, histone methyl-lysine binding protein [Source:HGNC Symbol;Acc:HGNC:23035]","L3MBTL3",-0.220203507109674,0.000226612529035042,0.0150340987452898
"SULF2","SULF2","ENSG00000196562.14","sulfatase 2 [Source:HGNC Symbol;Acc:HGNC:20392]","SULF2",-0.220665639040167,0.00032459122353175,0.018195525041099
"TTYH3","TTYH3","ENSG00000136295.14","tweety family member 3 [Source:HGNC Symbol;Acc:HGNC:22222]","TTYH3",-0.220770136051056,7.19477148391312e-05,0.00898464788029386
"VIL1","VIL1","ENSG00000127831.10","villin 1 [Source:HGNC Symbol;Acc:HGNC:12690]","VIL1",-0.221782353944034,0.00259519186186812,0.0443032321300338
"OTUD3","OTUD3","ENSG00000169914.5","OTU deubiquitinase 3 [Source:HGNC Symbol;Acc:HGNC:29038]","OTUD3",-0.222607711281474,0.00317284933345972,0.0489808615852844
"CYP51A1","CYP51A1","ENSG00000001630.15","cytochrome P450 family 51 subfamily A member 1 [Source:HGNC Symbol;Acc:HGNC:2649]","CYP51A1",-0.227818071390235,0.00193064649140396,0.0395157018106526
"GLG1","GLG1","ENSG00000090863.11","golgi glycoprotein 1 [Source:HGNC Symbol;Acc:HGNC:4316]","GLG1",-0.228841376917544,0.00031851444275923,0.0179824153969211
"HMCES","HMCES","ENSG00000183624.13","5-hydroxymethylcytosine binding, ES cell specific [Source:HGNC Symbol;Acc:HGNC:24446]","HMCES",-0.234899442091678,0.0011178279236875,0.032529969638598
"FAM192A","FAM192A","ENSG00000172775.16","family with sequence similarity 192 member A [Source:HGNC Symbol;Acc:HGNC:29856]","FAM192A",-0.237291667425265,0.00172445717257195,0.0375820903972652
"POMGNT1","POMGNT1","ENSG00000085998.13","protein O-linked mannose N-acetylglucosaminyltransferase 1 (beta 1,2-) [Source:HGNC Symbol;Acc:HGNC:19139]","POMGNT1",-0.237417340364571,0.000755997535638212,0.0273271125578246
"CSDE1","CSDE1","ENSG00000009307.15","cold shock domain containing E1 [Source:HGNC Symbol;Acc:HGNC:29905]","CSDE1",-0.237562154923741,9.5603840161872e-05,0.0102251309472922
"EHD2","EHD2","ENSG00000024422.11","EH domain containing 2 [Source:HGNC Symbol;Acc:HGNC:3243]","EHD2",-0.23995999773405,0.00151981595296437,0.0360969981571562
"KIF1C","KIF1C","ENSG00000129250.11","kinesin family member 1C [Source:HGNC Symbol;Acc:HGNC:6317]","KIF1C",-0.240748496818378,0.00147059909143039,0.0357649699035871
"ITGB8","ITGB8","ENSG00000105855.9","integrin subunit beta 8 [Source:HGNC Symbol;Acc:HGNC:6163]","ITGB8",-0.242480679478686,0.00234501302423918,0.0422925237254395
"KLHL36","KLHL36","ENSG00000135686.12","kelch like family member 36 [Source:HGNC Symbol;Acc:HGNC:17844]","KLHL36",-0.24323368739132,0.00317103222211526,0.0489808615852844
"STAU2","STAU2","ENSG00000040341.17","staufen double-stranded RNA binding protein 2 [Source:HGNC Symbol;Acc:HGNC:11371]","STAU2",-0.245556321356399,0.000279840284056976,0.0172801375405183
"APPL2","APPL2","ENSG00000136044.11","adaptor protein, phosphotyrosine interacting with PH domain and leucine zipper 2 [Source:HGNC Symbol;Acc:HGNC:18242]","APPL2",-0.245593881352892,3.96490257893273e-05,0.00580344258960821
"NBR1","NBR1","ENSG00000188554.13","NBR1, autophagy cargo receptor [Source:HGNC Symbol;Acc:HGNC:6746]","NBR1",-0.24888542092735,0.000117089581411396,0.0112683172714066
"GABARAPL2","GABARAPL2","ENSG00000034713.7","GABA type A receptor associated protein like 2 [Source:HGNC Symbol;Acc:HGNC:13291]","GABARAPL2",-0.252972748270351,0.00239693708461431,0.0426697989116926
"KIAA1191","KIAA1191","ENSG00000122203.14","KIAA1191 [Source:HGNC Symbol;Acc:HGNC:29209]","KIAA1191",-0.253527145481854,0.00155650706710437,0.0362226025701893
"EIF4EBP2","EIF4EBP2","ENSG00000148730.6","eukaryotic translation initiation factor 4E binding protein 2 [Source:HGNC Symbol;Acc:HGNC:3289]","EIF4EBP2",-0.254081511113135,0.000630626085415147,0.0249918008800245
"TFRC","TFRC","ENSG00000072274.12","transferrin receptor [Source:HGNC Symbol;Acc:HGNC:11763]","TFRC",-0.254152904440351,0.000370553099093232,0.0195662084807906
"RNF13","RNF13","ENSG00000082996.19","ring finger protein 13 [Source:HGNC Symbol;Acc:HGNC:10057]","RNF13",-0.254571132811119,0.000850907898788018,0.0283841799254166
"GALM","GALM","ENSG00000143891.16","galactose mutarotase [Source:HGNC Symbol;Acc:HGNC:24063]","GALM",-0.261534523602063,0.00173913331389867,0.0375820903972652
"HSPB1","HSPB1","ENSG00000106211.8","heat shock protein family B (small) member 1 [Source:HGNC Symbol;Acc:HGNC:5246]","HSPB1",-0.262972886354626,0.00110109270462887,0.0323532964215114
"MSI2","MSI2","ENSG00000153944.10","musashi RNA binding protein 2 [Source:HGNC Symbol;Acc:HGNC:18585]","MSI2",-0.264454070175989,0.000870477368785934,0.0283841799254166
"TFPI","TFPI","ENSG00000003436.15","tissue factor pathway inhibitor [Source:HGNC Symbol;Acc:HGNC:11760]","TFPI",-0.268049224230699,0.000811798320103382,0.0279779184267836
"AZGP1","AZGP1","ENSG00000160862.12","alpha-2-glycoprotein 1, zinc-binding [Source:HGNC Symbol;Acc:HGNC:910]","AZGP1",-0.275689489674438,0.00251566767532186,0.0438936805866312
"HSD17B2","HSD17B2","ENSG00000086696.10","hydroxysteroid 17-beta dehydrogenase 2 [Source:HGNC Symbol;Acc:HGNC:5211]","HSD17B2",-0.277248533381111,0.00224035288527115,0.0419614910075431
"CLIC3","CLIC3","ENSG00000169583.12","chloride intracellular channel 3 [Source:HGNC Symbol;Acc:HGNC:2064]","CLIC3",-0.278961462468387,0.000658072280932038,0.0253726990657894
"KIF20A","KIF20A","ENSG00000112984.11","kinesin family member 20A [Source:HGNC Symbol;Acc:HGNC:9787]","KIF20A",-0.279411284144204,0.000640485534486975,0.0249918008800245
"CCDC126","CCDC126","ENSG00000169193.11","coiled-coil domain containing 126 [Source:HGNC Symbol;Acc:HGNC:22398]","CCDC126",-0.280590314151007,0.0004750549004949,0.0214561939057811
"CRACR2A","CRACR2A","ENSG00000130038.9","calcium release activated channel regulator 2A [Source:HGNC Symbol;Acc:HGNC:28657]","CRACR2A",-0.281551864459345,0.00103326339390265,0.0312908577218642
"GABARAP","GABARAP","ENSG00000170296.9","GABA type A receptor-associated protein [Source:HGNC Symbol;Acc:HGNC:4067]","GABARAP",-0.282751235298531,0.00117480456171475,0.0333170379225883
"WDR87","WDR87","ENSG00000171804.10","WD repeat domain 87 [Source:HGNC Symbol;Acc:HGNC:29934]","WDR87",-0.283077768523308,0.00292020299646524,0.0468180212658444
"TMEM164","TMEM164","ENSG00000157600.11","transmembrane protein 164 [Source:HGNC Symbol;Acc:HGNC:26217]","TMEM164",-0.283425207005406,0.00296904078522115,0.0474086835684606
"PHYH","PHYH","ENSG00000107537.13","phytanoyl-CoA 2-hydroxylase [Source:HGNC Symbol;Acc:HGNC:8940]","PHYH",-0.284668060940409,0.00122746473024472,0.0338044642085514
"CDC25C","CDC25C","ENSG00000158402.18","cell division cycle 25C [Source:HGNC Symbol;Acc:HGNC:1727]","CDC25C",-0.287009318337056,0.00121941008520821,0.0337241860747848
"LAMTOR5","LAMTOR5","ENSG00000134248.13","late endosomal/lysosomal adaptor, MAPK and MTOR activator 5 [Source:HGNC Symbol;Acc:HGNC:17955]","LAMTOR5",-0.290540899257615,0.00190038989104876,0.0392184900753249
"UBE2C","UBE2C","ENSG00000175063.16","ubiquitin conjugating enzyme E2 C [Source:HGNC Symbol;Acc:HGNC:15937]","UBE2C",-0.29395632490515,0.00193478954968656,0.0395157018106526
"CEP55","CEP55","ENSG00000138180.15","centrosomal protein 55 [Source:HGNC Symbol;Acc:HGNC:1161]","CEP55",-0.301291849321954,0.000601718659268628,0.0245856361019514
"ROBO1","ROBO1","ENSG00000169855.19","roundabout guidance receptor 1 [Source:HGNC Symbol;Acc:HGNC:10249]","ROBO1",-0.302279712913596,0.00179710607345423,0.0384941094975127
"CHKA","CHKA","ENSG00000110721.11","choline kinase alpha [Source:HGNC Symbol;Acc:HGNC:1937]","CHKA",-0.302800433620642,0.00151680626523157,0.0360969981571562
"ALCAM","ALCAM","ENSG00000170017.12","activated leukocyte cell adhesion molecule [Source:HGNC Symbol;Acc:HGNC:400]","ALCAM",-0.302806867319483,0.00155701970556335,0.0362226025701893
"FAT1","FAT1","ENSG00000083857.13","FAT atypical cadherin 1 [Source:HGNC Symbol;Acc:HGNC:3595]","FAT1",-0.305242999242216,0.000674344387560821,0.0256250867273112
"FBP1","FBP1","ENSG00000165140.9","fructose-bisphosphatase 1 [Source:HGNC Symbol;Acc:HGNC:3606]","FBP1",-0.306860211928883,0.000736396003740235,0.0269466389516797
"LRRC42","LRRC42","ENSG00000116212.14","leucine rich repeat containing 42 [Source:HGNC Symbol;Acc:HGNC:28792]","LRRC42",-0.307633318589909,0.00227239707247096,0.0421416510162635
"MXD3","MXD3","ENSG00000213347.10","MAX dimerization protein 3 [Source:HGNC Symbol;Acc:HGNC:14008]","MXD3",-0.307920375434434,0.000376198040714486,0.0195662084807906
"SORT1","SORT1","ENSG00000134243.11","sortilin 1 [Source:HGNC Symbol;Acc:HGNC:11186]","SORT1",-0.312942993381108,0.000115615013471222,0.0112683172714066
"NDRG2","NDRG2","ENSG00000165795.23","NDRG family member 2 [Source:HGNC Symbol;Acc:HGNC:14460]","NDRG2",-0.313166824259146,0.0020478672144904,0.0398955745080357
"TRNP1","TRNP1","ENSG00000253368.3","TMF1-regulated nuclear protein 1 [Source:HGNC Symbol;Acc:HGNC:34348]","TRNP1",-0.318376500859792,0.000352617200590291,0.019089632557984
"PAIP2","PAIP2","ENSG00000120727.12","poly(A) binding protein interacting protein 2 [Source:HGNC Symbol;Acc:HGNC:17970]","PAIP2",-0.320191109539735,0.00320351771918154,0.0491010348042344
"NCOA4","NCOA4","ENSG00000266412.5","nuclear receptor coactivator 4 [Source:HGNC Symbol;Acc:HGNC:7671]","NCOA4",-0.321776889923117,1.90677333065357e-05,0.00407328010959076
"ZBTB38","ZBTB38","ENSG00000177311.11","zinc finger and BTB domain containing 38 [Source:HGNC Symbol;Acc:HGNC:26636]","ZBTB38",-0.324116696115163,0.00277304708326658,0.0458538998873203
"RNF181","RNF181","ENSG00000168894.9","ring finger protein 181 [Source:HGNC Symbol;Acc:HGNC:28037]","RNF181",-0.326931141234651,0.000441134384803459,0.0208132111288965
"FAM3C","FAM3C","ENSG00000196937.10","family with sequence similarity 3 member C [Source:HGNC Symbol;Acc:HGNC:18664]","FAM3C",-0.328664308255942,0.000160844205728731,0.0123428407968921
"FRAS1","FRAS1","ENSG00000138759.18","Fraser extracellular matrix complex subunit 1 [Source:HGNC Symbol;Acc:HGNC:19185]","FRAS1",-0.329139246070799,0.000337419948784295,0.0185206060777158
"SVIP","SVIP","ENSG00000198168.8","small VCP interacting protein [Source:HGNC Symbol;Acc:HGNC:25238]","SVIP",-0.331890463270801,0.00162712131752501,0.0364417861284292
"CPD","CPD","ENSG00000108582.11","carboxypeptidase D [Source:HGNC Symbol;Acc:HGNC:2301]","CPD",-0.333265859966908,0.00138430448283619,0.0353762962155621
"PSAP","PSAP","ENSG00000197746.13","prosaposin [Source:HGNC Symbol;Acc:HGNC:9498]","PSAP",-0.334744054127607,0.00105953035633034,0.0317216967289203
"VGLL1","VGLL1","ENSG00000102243.12","vestigial like family member 1 [Source:HGNC Symbol;Acc:HGNC:20985]","VGLL1",-0.341082773869531,0.00125953436972698,0.0343149131673633
"TGFB1I1","TGFB1I1","ENSG00000140682.18","transforming growth factor beta 1 induced transcript 1 [Source:HGNC Symbol;Acc:HGNC:11767]","TGFB1I1",-0.341635131841138,0.00235233242960044,0.0422925237254395
"ARL14","ARL14","ENSG00000179674.3","ADP ribosylation factor like GTPase 14 [Source:HGNC Symbol;Acc:HGNC:22974]","ARL14",-0.349700008879598,0.00040218856003646,0.0205755149693838
"TRHDE","TRHDE","ENSG00000072657.8","thyrotropin releasing hormone degrading enzyme [Source:HGNC Symbol;Acc:HGNC:30748]","TRHDE",-0.352433885041882,0.000925847538942674,0.029154975887661
"ASB9","ASB9","ENSG00000102048.15","ankyrin repeat and SOCS box containing 9 [Source:HGNC Symbol;Acc:HGNC:17184]","ASB9",-0.352676617381279,0.000706081200954941,0.0263248387374899
"NAPEPLD","NAPEPLD","ENSG00000161048.11","N-acyl phosphatidylethanolamine phospholipase D [Source:HGNC Symbol;Acc:HGNC:21683]","NAPEPLD",-0.355093491680499,0.000531107303583483,0.0230652314699113
"MGAT5","MGAT5","ENSG00000152127.8","mannosyl (alpha-1,6-)-glycoprotein beta-1,6-N-acetyl-glucosaminyltransferase [Source:HGNC Symbol;Acc:HGNC:7049]","MGAT5",-0.358327418517276,0.000164265832934186,0.0123510715010133
"CXCL5","CXCL5","ENSG00000163735.6","C-X-C motif chemokine ligand 5 [Source:HGNC Symbol;Acc:HGNC:10642]","CXCL5",-0.358421176236206,0.000375826483324953,0.0195662084807906
"SGK2","SGK2","ENSG00000101049.14","SGK2, serine/threonine kinase 2 [Source:HGNC Symbol;Acc:HGNC:13900]","SGK2",-0.360946590466751,0.000287282612288474,0.0173901176990273
"SDC4","SDC4","ENSG00000124145.6","syndecan 4 [Source:HGNC Symbol;Acc:HGNC:10661]","SDC4",-0.361862943176542,0.000543389905960794,0.0233421403082289
"CXCL1","CXCL1","ENSG00000163739.4","C-X-C motif chemokine ligand 1 [Source:HGNC Symbol;Acc:HGNC:4602]","CXCL1",-0.364614139469777,0.00161399874151615,0.0364417861284292
"FBXW8","FBXW8","ENSG00000174989.12","F-box and WD repeat domain containing 8 [Source:HGNC Symbol;Acc:HGNC:13597]","FBXW8",-0.364777518528223,0.00310720046109792,0.0486653357303375
"ETNK1","ETNK1","ENSG00000139163.15","ethanolamine kinase 1 [Source:HGNC Symbol;Acc:HGNC:24649]","ETNK1",-0.364800917274017,0.00125487661879871,0.0343149131673633
"SNCA","SNCA","ENSG00000145335.15","synuclein alpha [Source:HGNC Symbol;Acc:HGNC:11138]","SNCA",-0.367637041652741,0.00260847040872889,0.0443383873346089
"RBM3","RBM3","ENSG00000102317.17","RNA binding motif protein 3 [Source:HGNC Symbol;Acc:HGNC:9900]","RBM3",-0.368876369550109,0.000863715765346481,0.0283841799254166
"SLC44A4","SLC44A4","ENSG00000228263.8","solute carrier family 44 member 4 [Source:HGNC Symbol;Acc:HGNC:13941]","SLC44A4",-0.373321575477705,0.000147442534346063,0.0119623376928564
"PAM","PAM","ENSG00000145730.20","peptidylglycine alpha-amidating monooxygenase [Source:HGNC Symbol;Acc:HGNC:8596]","PAM",-0.375026877818029,0.000825639371142077,0.0280079553197724
"TPPP3","TPPP3","ENSG00000159713.10","tubulin polymerization promoting protein family member 3 [Source:HGNC Symbol;Acc:HGNC:24162]","TPPP3",-0.380090374033456,4.39086624418294e-05,0.00631007396254944
"PSRC1","PSRC1","ENSG00000134222.16","proline and serine rich coiled-coil 1 [Source:HGNC Symbol;Acc:HGNC:24472]","PSRC1",-0.386976520292677,0.00013014490505475,0.011558037410705
"ARL4C","ARL4C","ENSG00000188042.7","ADP ribosylation factor like GTPase 4C [Source:HGNC Symbol;Acc:HGNC:698]","ARL4C",-0.387792920253529,0.00187251383590255,0.038948287786773
"CDCA7L","CDCA7L","ENSG00000164649.19","cell division cycle associated 7 like [Source:HGNC Symbol;Acc:HGNC:30777]","CDCA7L",-0.388553416148037,0.00128721374290935,0.0343720858917417
"SERPINA4","SERPINA4","ENSG00000100665.11","serpin family A member 4 [Source:HGNC Symbol;Acc:HGNC:8948]","SERPINA4",-0.388715152415141,0.00138429391922902,0.0353762962155621
"PRSS33","PRSS33","ENSG00000103355.13","protease, serine 33 [Source:HGNC Symbol;Acc:HGNC:30405]","PRSS33",-0.390003966437316,0.00308629393649584,0.0484971516382964
"SOGA1","SOGA1","ENSG00000149639.14","suppressor of glucose, autophagy associated 1 [Source:HGNC Symbol;Acc:HGNC:16111]","SOGA1",-0.390641242523018,0.00041058999461171,0.0205755149693838
"KHNYN","KHNYN","ENSG00000100441.9","KH and NYN domain containing [Source:HGNC Symbol;Acc:HGNC:20166]","KHNYN",-0.390969823128712,0.000336497039464028,0.0185206060777158
"CD109","CD109","ENSG00000156535.13","CD109 molecule [Source:HGNC Symbol;Acc:HGNC:21685]","CD109",-0.392386708306379,0.000872641159144261,0.0283841799254166
"HELLS","HELLS","ENSG00000119969.14","helicase, lymphoid specific [Source:HGNC Symbol;Acc:HGNC:4861]","HELLS",-0.403664596592294,0.00275538893613269,0.045657430086358
"TMPRSS4","TMPRSS4","ENSG00000137648.17","transmembrane protease, serine 4 [Source:HGNC Symbol;Acc:HGNC:11878]","TMPRSS4",-0.407813234903282,0.000587140337173644,0.0242971582461805
"CFTR","CFTR","ENSG00000001626.14","cystic fibrosis transmembrane conductance regulator [Source:HGNC Symbol;Acc:HGNC:1884]","CFTR",-0.408245064093248,0.00199162743560423,0.0395523197261705
"COL12A1","COL12A1","ENSG00000111799.20","collagen type XII alpha 1 chain [Source:HGNC Symbol;Acc:HGNC:2188]","COL12A1",-0.409031064152581,0.00108668803757513,0.0320567542537341
"CRYM","CRYM","ENSG00000103316.10","crystallin mu [Source:HGNC Symbol;Acc:HGNC:2418]","CRYM",-0.409486319698235,0.000471163021616918,0.0214027156486214
"MLF1","MLF1","ENSG00000178053.17","myeloid leukemia factor 1 [Source:HGNC Symbol;Acc:HGNC:7125]","MLF1",-0.419346759616404,0.000153705158008182,0.0120285699890759
"KLHDC2","KLHDC2","ENSG00000165516.10","kelch domain containing 2 [Source:HGNC Symbol;Acc:HGNC:20231]","KLHDC2",-0.426791155511525,0.000296553307323004,0.0173901176990273
"MME","MME","ENSG00000196549.10","membrane metalloendopeptidase [Source:HGNC Symbol;Acc:HGNC:7154]","MME",-0.434773948803875,0.000138141429108812,0.0117388232317674
"LYZ","LYZ","ENSG00000090382.6","lysozyme [Source:HGNC Symbol;Acc:HGNC:6740]","LYZ",-0.436771539559335,0.000561121685492539,0.0234661682652541
"STK17A","STK17A","ENSG00000164543.5","serine/threonine kinase 17a [Source:HGNC Symbol;Acc:HGNC:11395]","STK17A",-0.442950447818737,0.001841636942207,0.0387309950307979
"SLC39A10","SLC39A10","ENSG00000196950.13","solute carrier family 39 member 10 [Source:HGNC Symbol;Acc:HGNC:20861]","SLC39A10",-0.457557687163394,0.000138544102661612,0.0117388232317674
"CD82","CD82","ENSG00000085117.11","CD82 molecule [Source:HGNC Symbol;Acc:HGNC:6210]","CD82",-0.458235499387541,4.59453534144682e-06,0.00213618866698798
"MLPH","MLPH","ENSG00000115648.13","melanophilin [Source:HGNC Symbol;Acc:HGNC:29643]","MLPH",-0.459585341526461,0.00232753843936542,0.0422925237254395
"MUC5AC","MUC5AC","ENSG00000215182.8","mucin 5AC, oligomeric mucus/gel-forming [Source:HGNC Symbol;Acc:HGNC:7515]","MUC5AC",-0.461911439994129,1.54147214102944e-05,0.00386101387071558
"SMIM20","SMIM20","ENSG00000250317.8","small integral membrane protein 20 [Source:HGNC Symbol;Acc:HGNC:37260]","SMIM20",-0.463121226845137,0.000905317098049666,0.0288533320281635
"C16orf72","C16orf72","ENSG00000182831.11","chromosome 16 open reading frame 72 [Source:HGNC Symbol;Acc:HGNC:30103]","C16orf72",-0.470425476749318,0.00174216260062634,0.0375820903972652
"GPSM2","GPSM2","ENSG00000121957.12","G protein signaling modulator 2 [Source:HGNC Symbol;Acc:HGNC:29501]","GPSM2",-0.473269193077812,0.00080075841253743,0.0279779184267836
"C14orf119","C14orf119","ENSG00000179933.5","chromosome 14 open reading frame 119 [Source:HGNC Symbol;Acc:HGNC:20270]","C14orf119",-0.477570816988493,0.00223344010576357,0.0419614910075431
"MBTD1","MBTD1","ENSG00000011258.15","mbt domain containing 1 [Source:HGNC Symbol;Acc:HGNC:19866]","MBTD1",-0.480616398285401,0.000213188864533553,0.0146525633502018
"CD63","CD63","ENSG00000135404.11","CD63 molecule [Source:HGNC Symbol;Acc:HGNC:1692]","CD63",-0.486990408697481,0.00212286690561384,0.0408999469528004
"MGAM2","MGAM2","ENSG00000278563.2","maltase-glucoamylase 2 (putative) [Source:HGNC Symbol;Acc:HGNC:28101]","MGAM2",-0.491033301180602,0.000556134556381487,0.023381316668294
"PNMA2","PNMA2","ENSG00000240694.8","PNMA family member 2 [Source:HGNC Symbol;Acc:HGNC:9159]","PNMA2",-0.495149094289772,0.000529843747090669,0.0230652314699113
"SLC12A2","SLC12A2","ENSG00000064651.13","solute carrier family 12 member 2 [Source:HGNC Symbol;Acc:HGNC:10911]","SLC12A2",-0.500415559379265,0.00119266624613636,0.0336155933379947
"ARNTL","ARNTL","ENSG00000133794.17","aryl hydrocarbon receptor nuclear translocator like [Source:HGNC Symbol;Acc:HGNC:701]","ARNTL",-0.510594773072578,0.00142776296720196,0.0353762962155621
"WDR54","WDR54","ENSG00000005448.16","WD repeat domain 54 [Source:HGNC Symbol;Acc:HGNC:25770]","WDR54",-0.512879613672234,0.000190101849026561,0.0132970355283711
"WBP2","WBP2","ENSG00000132471.11","WW domain binding protein 2 [Source:HGNC Symbol;Acc:HGNC:12738]","WBP2",-0.51450782536969,0.000109420224669955,0.0110879160998888
"GM2A","GM2A","ENSG00000196743.8","GM2 ganglioside activator [Source:HGNC Symbol;Acc:HGNC:4367]","GM2A",-0.518664487692018,0.00173894534020603,0.0375820903972652
"LTBP1","LTBP1","ENSG00000049323.15","latent transforming growth factor beta binding protein 1 [Source:HGNC Symbol;Acc:HGNC:6714]","LTBP1",-0.575617856784479,0.000297022506246038,0.0173901176990273
"ITM2A","ITM2A","ENSG00000078596.10","integral membrane protein 2A [Source:HGNC Symbol;Acc:HGNC:6173]","ITM2A",-0.581674189871021,0.000609415886805927,0.0247016572785336
"SERF2","SERF2","ENSG00000140264.19","small EDRK-rich factor 2 [Source:HGNC Symbol;Acc:HGNC:10757]","SERF2",-0.613409411308079,0.00259083276874783,0.0443032321300338
"SCD","SCD","ENSG00000099194.5","stearoyl-CoA desaturase [Source:HGNC Symbol;Acc:HGNC:10571]","SCD",-0.613728941429869,0.000861675212710038,0.0283841799254166
"SERPINA1","SERPINA1","ENSG00000277377.4","serpin family A member 1 [Source:HGNC Symbol;Acc:HGNC:8941]","SERPINA1",-0.635774114786035,1.61201237011151e-05,0.00386101387071558
"BCAS1","BCAS1","ENSG00000064787.13","breast carcinoma amplified sequence 1 [Source:HGNC Symbol;Acc:HGNC:974]","BCAS1",-0.637658247536434,0.00327623723005337,0.0497988058968113
"ANXA13","ANXA13","ENSG00000104537.16","annexin A13 [Source:HGNC Symbol;Acc:HGNC:536]","ANXA13",-0.645918977042406,0.00314332513256365,0.0489621956182162
"VAV3","VAV3","ENSG00000134215.15","vav guanine nucleotide exchange factor 3 [Source:HGNC Symbol;Acc:HGNC:12659]","VAV3",-0.667864665127921,0.000840123739904465,0.0283775129923286
"TCN1","TCN1","ENSG00000134827.7","transcobalamin 1 [Source:HGNC Symbol;Acc:HGNC:11652]","TCN1",-0.681489290227272,0.000414562189730996,0.0205755149693838
"CYP4X1","CYP4X1","ENSG00000186377.7","cytochrome P450 family 4 subfamily X member 1 [Source:HGNC Symbol;Acc:HGNC:20244]","CYP4X1",-0.807001626127584,0.00228103791266806,0.0421416510162635
"ZNF460","ZNF460","ENSG00000197714.8","zinc finger protein 460 [Source:HGNC Symbol;Acc:HGNC:21628]","ZNF460",-0.836120050285182,0.00220855807941349,0.0418619737642307
"ASF1B","ASF1B","ENSG00000105011.8","anti-silencing function 1B histone chaperone [Source:HGNC Symbol;Acc:HGNC:20996]","ASF1B",-0.850934276968087,0.00116031380687712,0.0331275052266521
"PAH","PAH","ENSG00000171759.9","phenylalanine hydroxylase [Source:HGNC Symbol;Acc:HGNC:8582]","PAH",-1.16256406846598,0.00234808660437122,0.0422925237254395
"TMBIM6","TMBIM6","ENSG00000139644.12","transmembrane BAX inhibitor motif containing 6 [Source:HGNC Symbol;Acc:HGNC:11723]","TMBIM6",-1.36521097973315,0.00160327465225587,0.0364387658231954
